SAPSyncPlant,SapSyncAvailableRetries,SAPSyncEvent,SAPSyncTagID,SAPSyncUser,SAPSyncScanZone,id,SAPSync,ScanZone,SAPSyncErrorMessage,SAPSyncTime,serialTag,serial
7386,4,Disassociate,20130915872603000101316F,HH,,8145,false,7386_Available,Tag ID :20130915872603000101316F Not assosciated to any Equipment.,1435603611868,,00000005
7394,4,ChangeStatus,201309198726030001015CDA,root,7394_NI,10694,false,7394_NI,Tag ID :201309198726030001015CDA Not assosciated to any Equipment.,1443445039583,201309198726030001015CDA,10669915
7395,4,ChangeStatus,201309208726030001016AC9,root,7395_NI,6352,false,7395_NI,Tag ID :201309208726030001016AC9 Not assosciated to any Equipment.,1440773866778,201309208726030001016AC9,10675044
7394,4,ChangeStatus,201309198726030001015DE2,root,7394_NI,4617,false,7394_NI,Tag ID :201309198726030001015DE2 Not assosciated to any Equipment.,1441887983425,201309198726030001015DE2,10683198
7395,4,ChangeStatus,2013092287260300010195D9,root,7395_NI,6333,false,7395_NI,Tag ID :2013092287260300010195D9 Not assosciated to any Equipment.,1440421000575,2013092287260300010195D9,10683712
7395,4,ChangeStatus,20130919872603000101884B,root,7395_NI,6013,false,7395_NI,Tag ID :20130919872603000101884B Not assosciated to any Equipment.,1440088403739,20130919872603000101884B,10683713
7395,4,ChangeStatus,2013092287260300010195E9,root,7395_NI,6334,false,7395_NI,Tag ID :2013092287260300010195E9 Not assosciated to any Equipment.,1440421063030,2013092287260300010195E9,10692085
7394,4,ChangeStatus,201309208726030001017354,root,7394_NI,4389,false,7394_NI,Tag ID :201309208726030001017354 Not assosciated to any Equipment.,1437269261906,201309208726030001017354,10692087
7394,4,ChangeStatus,20130914872603000101266F,root,7394_NI,11111,false,7394_NI,Tag ID :20130914872603000101266F Not assosciated to any Equipment.,1443445159587,20130914872603000101266F,10702917
7395,4,ChangeStatus,201309148726030001011ABE,root,7395_NI,6071,false,7395_NI,Tag ID :201309148726030001011ABE Not assosciated to any Equipment.,1438279421436,201309148726030001011ABE,10703769
7395,4,ChangeStatus,201309188726030001014325,root,7395_NI,6056,false,7395_NI,Tag ID :201309188726030001014325 Not assosciated to any Equipment.,1438279417342,201309188726030001014325,10712934
7394,4,ChangeStatus,201309158726030001012F90,root,7394_NI,10527,false,7394_NI,Tag ID :201309158726030001012F90 Not assosciated to any Equipment.,1442582409344,201309158726030001012F90,10714064
7395,4,ChangeStatus,20130922872603000101A7C2,root,7395_INUSE,8411,false,7395_InUse,Tag ID :20130922872603000101A7C2 Not assosciated to any Equipment.,1438954597005,20130922872603000101A7C2,10719184
7394,4,ChangeStatus,10749063B,root,7394_INUSE,336,false,7394_InUse,Tag ID :10749063B Not assosciated to any Equipment.,1442697504269,201309138726030001010EAE,10749063
7394,4,ChangeStatus,201309198726030001016206,root,7394_NI,4396,false,7394_NI,Tag ID :201309198726030001016206 Not assosciated to any Equipment.,1437269795128,201309198726030001016206,10780793
7394,4,ChangeStatus,201309218726030001018D38,root,7394_INUSE,4176,false,7394_InUse,Tag ID :201309218726030001018D38 Not assosciated to any Equipment.,1441779171609,201309218726030001018D38,10790557
7440,4,ChangeStatus,20130922872603000101978E,root,7440_NI,4104,false,7440_NI,Tag ID :20130922872603000101978E Not assosciated to any Equipment.,1436207362408,20130922872603000101978E,10807946
7395,4,ChangeStatus,201309208726030001016B0F,root,7395_NI,6177,false,7395_NI,Tag ID :201309208726030001016B0F Not assosciated to any Equipment.,1438627931648,201309208726030001016B0F,10873765
7395,4,ChangeStatus,201309228726030001019580,root,7395_NI,6332,false,7395_NI,Tag ID :201309228726030001019580 Not assosciated to any Equipment.,1440277829791,201309228726030001019580,10894466
7395,4,ChangeStatus,201309148726030001012366,root,7395_NI,5891,false,7395_NI,Tag ID :201309148726030001012366 Not assosciated to any Equipment.,1439741525801,201309148726030001012366,10903104
7395,4,ChangeStatus,2013091887260300010142F7,bupkaw,7395_AVAILABLE,6053,false,7395_Available,Tag ID :2013091887260300010142F7 Not assosciated to any Equipment.,1442408689373,2013091887260300010142F7,10903118
7394,4,ChangeStatus,201309158726030001012BA3,root,7394_INUSE,10941,false,7394_InUse,Tag ID :201309158726030001012BA3 Not assosciated to any Equipment.,1441779511250,201309158726030001012BA3,10912284
7395,4,ChangeStatus,201309228726030001019596,root,7395_NI,6326,false,7395_NI,Tag ID :201309228726030001019596 Not assosciated to any Equipment.,1437733499249,201309228726030001019596,10953590
7395,4,ChangeStatus,2013091887260300010142AB,root,7395_INUSE,6041,false,7395_InUse,Tag ID :2013091887260300010142AB Not assosciated to any Equipment.,1438091136486,2013091887260300010142AB,11094426
7394,4,ChangeStatus,201309148726030001011984,root,7394_NI,4351,false,7394_NI,Tag ID :201309148726030001011984 Not assosciated to any Equipment.,1442522316351,201309148726030001011984,11098031
7394,4,ChangeStatus,201309148726030001012764,root,7394_NI,4226,false,7394_NI,Tag ID :201309148726030001012764 Not assosciated to any Equipment.,1442522347883,201309148726030001012764,11105350
7394,4,ChangeStatus,201309198726030001017CB4,root,7394_NI,4252,false,7394_NI,Tag ID :201309198726030001017CB4 Not assosciated to any Equipment.,1439469609723,201309198726030001017CB4,11111958
7394,4,ChangeStatus,201309208726030001017396,root,7394_NI,4386,false,7394_NI,Tag ID :201309208726030001017396 Not assosciated to any Equipment.,1437051420335,201309208726030001017396,11126520
7440,4,ChangeStatus,201309198726030001015F42,root,7440_INUSE,4113,false,7440_InUse,Tag ID :201309198726030001015F42 Not assosciated to any Equipment.,1435787075835,201309198726030001015F42,11128105
7395,4,ChangeStatus,201309198726030001015AD8,bupkaw,7395_AVAILABLE,6463,false,7395_Available,Tag ID :201309198726030001015AD8 Not assosciated to any Equipment.,1438116910679,201309198726030001015AD8,11151651
7394,4,ChangeStatus,201309138726030001010B44,root,7394_INUSE,10781,false,7394_InUse,Tag ID :201309138726030001010B44 Not assosciated to any Equipment.,1442590491050,201309138726030001010B44,11151653
7394,4,ChangeStatus,201309148726030001012743,root,7394_NI,4228,false,7394_NI,Tag ID :201309148726030001012743 Not assosciated to any Equipment.,1442522316210,201309148726030001012743,11156738
7395,4,ChangeStatus,201309198726030001017D53,root,7395_INUSE,6017,false,7395_InUse,Tag ID :201309198726030001017D53 Not assosciated to any Equipment.,1437594423309,201309198726030001017D53,11162974
7394,4,ChangeStatus,201309228726030001019A2B,root,7394_INUSE,10908,false,7394_InUse,Tag ID :201309228726030001019A2B Not assosciated to any Equipment.,1442697501190,201309228726030001019A2B,11193543
7394,4,ChangeStatus,201309208726030001017322,root,7394_NI,4414,false,7394_NI,Tag ID :201309208726030001017322 Not assosciated to any Equipment.,1442522315522,201309208726030001017322,11201477
7394,4,ChangeStatus,201309218726030001018DF8,root,7394_NI,4255,false,7394_NI,Tag ID :201309218726030001018DF8 Not assosciated to any Equipment.,1439469601614,201309218726030001018DF8,11205239
7394,4,ChangeStatus,201309198726030001015F65,root,7394_NI,4261,false,7394_NI,Tag ID :201309198726030001015F65 Not assosciated to any Equipment.,1439469605770,201309198726030001015F65,11206355
7394,4,ChangeStatus,201309198726030001017CAF,root,7394_NI,4259,false,7394_NI,Tag ID :201309198726030001017CAF Not assosciated to any Equipment.,1439469610723,201309198726030001017CAF,11206357
7394,4,ChangeStatus,201309198726030001015F1B,root,7394_NI,4258,false,7394_NI,Tag ID :201309198726030001015F1B Not assosciated to any Equipment.,1439469613801,201309198726030001015F1B,11206358
7394,4,ChangeStatus,201309218726030001018D56,root,7394_NI,4263,false,7394_NI,Tag ID :201309218726030001018D56 Not assosciated to any Equipment.,1441887991784,201309218726030001018D56,11207349
7370,4,ChangeStatus,20130923872603000101AFBD,root,7370_AVAILABLE,3809,false,7370_Available,Tag ID :20130923872603000101AFBD Not assosciated to any Equipment.,1442501503283,20130923872603000101AFBD,11208181
7394,4,ChangeStatus,201309138726030001010F17,root,7394_INUSE,11017,false,7394_InUse,Tag ID :201309138726030001010F17 Not assosciated to any Equipment.,1442697500440,201309138726030001010F17,11260396
7394,4,ChangeStatus,2013091387260300010113AD,root,7394_INUSE,11019,false,7394_InUse,Tag ID :2013091387260300010113AD Not assosciated to any Equipment.,1442697507284,2013091387260300010113AD,11260401
7395,4,ChangeStatus,201309198726030001017DA6,root,7395_NI,6008,false,7395_NI,Tag ID :201309198726030001017DA6 Not assosciated to any Equipment.,1438453660788,201309198726030001017DA6,11270810
7395,4,ChangeStatus,201309148726030001011AC9,ruselod,7395_AVAILABLE,6068,false,7395_Available,Tag ID :201309148726030001011AC9 Not assosciated to any Equipment.,1443038369228,201309148726030001011AC9,11317485
7394,4,ChangeStatus,201309198726030001015B2B,root,7394_INUSE,4309,false,7394_InUse,Tag ID :201309198726030001015B2B Not assosciated to any Equipment.,1438033980197,201309198726030001015B2B,11317507
7394,4,ChangeStatus,201309198726030001018038,root,7394_NI,4326,false,7394_NI,Tag ID :201309198726030001018038 Not assosciated to any Equipment.,1435582542773,201309198726030001018038,11317515
7395,4,ChangeStatus,20130918872603000101447E,root,7395_INUSE,6031,false,7395_InUse,Tag ID :20130918872603000101447E Not assosciated to any Equipment.,1437614403009,20130918872603000101447E,11329672
7394,4,ChangeStatus,201309228726030001019925,root,7394_NI,4431,false,7394_NI,Tag ID :201309228726030001019925 Not assosciated to any Equipment.,1439469611739,201309228726030001019925,11413701
7395,4,ChangeStatus,201309148726030001011A39,root,7395_NI,5905,false,7395_NI,Tag ID :201309148726030001011A39 Not assosciated to any Equipment.,1434057645282,201309148726030001011A39,11425245
7370,4,ChangeStatus,20130923872603000101AF74,root,7370_NI,3824,false,7370_NI,Tag ID :20130923872603000101AF74 Not assosciated to any Equipment.,1442501511377,20130923872603000101AF74,11466696
7394,4,ChangeStatus,20130912872603000101024E,root,7394_NI,11102,false,7394_NI,Tag ID :20130912872603000101024E Not assosciated to any Equipment.,1443445140164,20130912872603000101024E,11479074
7394,4,ChangeStatus,201309198726030001017CBA,root,7394_NI,4253,false,7394_NI,Tag ID :201309198726030001017CBA Not assosciated to any Equipment.,1439469573332,201309198726030001017CBA,11481536
7394,4,ChangeStatus,201309198726030001017CA6,root,7394_NI,4254,false,7394_NI,Tag ID :201309198726030001017CA6 Not assosciated to any Equipment.,1439469615020,201309198726030001017CA6,11481548
7394,4,ChangeStatus,20130919872603000101830E,root,7394_NI,4484,false,7394_NI,Tag ID :20130919872603000101830E Not assosciated to any Equipment.,1435667810473,20130919872603000101830E,11501812
7395,3,ChangeStatus,201309228726030001019534,root,7395_NI,6323,false,7395_NI,Tag ID :201309228726030001019534 Not assosciated to any Equipment.,1440277852930,201309228726030001019534,11560432
7395,4,ChangeStatus,201309208726030001016AD9,root,7395_INUSE,5865,false,7395_InUse,Tag ID :201309208726030001016AD9 Not assosciated to any Equipment.,1437608819936,201309208726030001016AD9,11595313
7370,4,ChangeStatus,201309228726030001019DB8,root,7370_NI,3820,false,7370_NI,Tag ID :201309228726030001019DB8 Not assosciated to any Equipment.,1442501505970,201309228726030001019DB8,11608639
7394,4,ChangeStatus,201309198726030001017B70,root,7394_NI,4601,false,7394_NI,Tag ID :201309198726030001017B70 Not assosciated to any Equipment.,1441125849236,201309198726030001017B70,11624170
7370,4,ChangeStatus,20130923872603000101AF24,root,7370_LOCALRDTEST,3818,false,7370_LocalRDTest,Tag ID :20130923872603000101AF24 Not assosciated to any Equipment.,1442501474578,20130923872603000101AF24,11633462
7393,4,ChangeStatus,20130924872603000101CA4E,medinaa,7393_AVAILABLE,8478,false,7393_Available,Tag ID :20130924872603000101CA4E Not assosciated to any Equipment.,1441925324035,20130924872603000101CA4E,11650376
7394,4,ChangeStatus,2013091487260300010122A8,root,7394_NI,4185,false,7394_NI,Tag ID :2013091487260300010122A8 Not assosciated to any Equipment.,1438091497735,2013091487260300010122A8,11789684
7394,4,ChangeStatus,201309138726030001010EF8,root,7394_INUSE,11057,false,7394_InUse,Tag ID :201309138726030001010EF8 Not assosciated to any Equipment.,1442411821723,201309138726030001010EF8,11799484
7395,4,ChangeStatus,201309148726030001011FE2,root,7395_INUSE,6058,false,7395_InUse,Tag ID :201309148726030001011FE2 Not assosciated to any Equipment.,1439167759000,201309148726030001011FE2,11806752
7394,4,ChangeStatus,2013091887260300010144DE,root,7394_INUSE,11117,false,7394_InUse,Tag ID :2013091887260300010144DE Not assosciated to any Equipment.,1442796244619,2013091887260300010144DE,11818979
7394,4,ChangeStatus,2013091487260300010129A8,root,7394_INUSE,10797,false,7394_InUse,Tag ID :2013091487260300010129A8 Not assosciated to any Equipment.,1442040600438,2013091487260300010129A8,11818981
7394,4,ChangeStatus,20130912872603000101029E,root,7394_NI,10775,false,7394_NI,Tag ID :20130912872603000101029E Not assosciated to any Equipment.,1443445039490,20130912872603000101029E,11822891
7440,3,ChangeStatus,201309228726030001019CFD,root,7440_NI,4089,false,7440_NI,Tag ID :201309228726030001019CFD Not assosciated to any Equipment.,1436966388420,201309228726030001019CFD,11844519
7394,4,ChangeStatus,201309148726030001012A8D,root,7394_NI,10729,false,7394_NI,Tag ID :201309148726030001012A8D Not assosciated to any Equipment.,1443445148024,201309148726030001012A8D,11850312
7394,4,ChangeStatus,201309198726030001018060,root,7394_NI,4397,false,7394_NI,Tag ID :201309198726030001018060 Not assosciated to any Equipment.,1438091536548,201309198726030001018060,11861931
7394,4,ChangeStatus,201309158726030001012B28,root,7394_INUSE,10788,false,7394_InUse,Tag ID :201309158726030001012B28 Not assosciated to any Equipment.,1441781572441,201309158726030001012B28,11863644
7394,4,ChangeStatus,2013092287260300010199C0,root,7394_INUSE,10878,false,7394_InUse,Tag ID :2013092287260300010199C0 Not assosciated to any Equipment.,1442040307611,2013092287260300010199C0,11895184
7395,4,ChangeStatus,201309198726030001017D79,root,7395_INUSE,6005,false,7395_InUse,Tag ID :201309198726030001017D79 Not assosciated to any Equipment.,1437594423308,201309198726030001017D79,11904611
7395,4,ChangeStatus,201309208726030001016C54,root,7395_INUSE,6465,false,7395_InUse,Tag ID :201309208726030001016C54 Not assosciated to any Equipment.,1437091931383,201309208726030001016C54,11910691
7394,4,ChangeStatus,201309188726030001015905,root,7394_INUSE,4384,false,7394_InUse,Tag ID :201309188726030001015905 Not assosciated to any Equipment.,1439390992804,201309188726030001015905,11924687
7394,4,ChangeStatus,20130924872603000101CD04,root,7394_NI,3644,false,7394_NI,Tag ID :20130924872603000101CD04 Not assosciated to any Equipment.,1438260371492,20130924872603000101CD04,11942112
7395,4,ChangeStatus,201309198726030001016149,root,7395_INUSE,6061,false,7395_InUse,Tag ID :201309198726030001016149 Not assosciated to any Equipment.,1438979539442,201309198726030001016149,11942141
7395,4,ChangeStatus,20130919872603000101887A,bupkaw,7395_AVAILABLE,9169,false,7395_Available,Tag ID :20130919872603000101887A Not assosciated to any Equipment.,1441287801495,20130919872603000101887A,11942178
7394,4,ChangeStatus,201309148726030001011CA5,root,7394_NI,11097,false,7394_NI,Tag ID :201309148726030001011CA5 Not assosciated to any Equipment.,1443445148039,201309148726030001011CA5,11942193
7394,3,ChangeStatus,20130914872603000101218B,root,7394_NI,4165,false,7394_NI,Tag ID :20130914872603000101218B Not assosciated to any Equipment.,1438111024214,20130914872603000101218B,11954584
7395,4,ChangeStatus,201309198726030001015F87,root,7395_INUSE,6021,false,7395_InUse,Tag ID :201309198726030001015F87 Not assosciated to any Equipment.,1437608827905,201309198726030001015F87,11954588
7395,4,ChangeStatus,201309188726030001014276,root,7395_INUSE,6052,false,7395_InUse,Tag ID :201309188726030001014276 Not assosciated to any Equipment.,1438031423547,201309188726030001014276,11955492
7394,4,ChangeStatus,20130922872603000101A84D,root,7394_INUSE,10692,false,7394_InUse,Tag ID :20130922872603000101A84D Not assosciated to any Equipment.,1441817705672,20130922872603000101A84D,11966110
7395,4,ChangeStatus,201309198726030001015FD8,root,7395_NI,6018,false,7395_NI,Tag ID :201309198726030001015FD8 Not assosciated to any Equipment.,1438608575504,201309198726030001015FD8,11966113
7394,4,ChangeStatus,2013091287260300010102B6,root,7394_NI,10586,false,7394_NI,Tag ID :2013091287260300010102B6 Not assosciated to any Equipment.,1443445136102,2013091287260300010102B6,11968702
7395,4,ChangeStatus,2013091487260300010122FD,bupkaw,7395_AVAILABLE,6125,false,7395_Available,Tag ID :2013091487260300010122FD Not assosciated to any Equipment.,1441134059472,2013091487260300010122FD,11978137
7395,4,ChangeStatus,20130922872603000101953E,root,7395_INUSE,6307,false,7395_InUse,Tag ID :20130922872603000101953E Not assosciated to any Equipment.,1437606915272,20130922872603000101953E,11978138
7394,4,ChangeStatus,201309148726030001011D21,root,7394_INUSE,10923,false,7394_InUse,Tag ID :201309148726030001011D21 Not assosciated to any Equipment.,1442694000933,201309148726030001011D21,11978638
7395,4,ChangeStatus,201309208726030001016F03,root,7395_NI,6028,false,7395_NI,Tag ID :201309208726030001016F03 Not assosciated to any Equipment.,1440521068046,201309208726030001016F03,11980048
7395,4,ChangeStatus,201309148726030001012289,root,7395_NI,6084,false,7395_NI,Tag ID :201309148726030001012289 Not assosciated to any Equipment.,1440421047983,201309148726030001012289,11995116
7394,4,ChangeStatus,201309198726030001017B9E,root,7394_NI,4355,false,7394_NI,Tag ID :201309198726030001017B9E Not assosciated to any Equipment.,1435667725977,201309198726030001017B9E,11996970
7395,3,ChangeStatus,20130922872603000101995C,root,7395_NI,4443,false,7395_NI,Tag ID :20130922872603000101995C Not assosciated to any Equipment.,1437759438888,20130922872603000101995C,12004199
7395,4,ChangeStatus,2013091887260300010142A8,root,7395_INUSE,6040,false,7395_InUse,Tag ID :2013091887260300010142A8 Not assosciated to any Equipment.,1440740142084,2013091887260300010142A8,12004200
7395,3,ChangeStatus,201309198726030001015D87,root,7395_NI,6180,false,7395_NI,Tag ID :201309198726030001015D87 Not assosciated to any Equipment.,1438627924383,201309198726030001015D87,12015186
7395,4,ChangeStatus,201309148726030001011A89,root,7395_NI,6060,false,7395_NI,Tag ID :201309148726030001011A89 Not assosciated to any Equipment.,1437493382233,201309148726030001011A89,12021080
7395,4,ChangeStatus,201309148726030001011A8F,root,7395_INUSE,6063,false,7395_InUse,Tag ID :201309148726030001011A8F Not assosciated to any Equipment.,1439167756094,201309148726030001011A8F,12021081
7395,4,ChangeStatus,201309198726030001015D60,root,7395_NI,6228,false,7395_NI,Tag ID :201309198726030001015D60 Not assosciated to any Equipment.,1438172847975,201309198726030001015D60,12021086
7395,4,ChangeStatus,201309208726030001016AF4,root,7395_NI,6208,false,7395_NI,Tag ID :201309208726030001016AF4 Not assosciated to any Equipment.,1438728134581,201309208726030001016AF4,12021104
7395,4,ChangeStatus,201309198726030001017DD1,root,7395_INUSE,6007,false,7395_InUse,Tag ID :201309198726030001017DD1 Not assosciated to any Equipment.,1438954592021,201309198726030001017DD1,12026444
7395,4,ChangeStatus,201309218726030001019261,root,7395_INUSE,6211,false,7395_InUse,Tag ID :201309218726030001019261 Not assosciated to any Equipment.,1440252774912,201309218726030001019261,12029602
7395,4,ChangeStatus,201309208726030001016A9F,root,7395_NI,6215,false,7395_NI,Tag ID :201309208726030001016A9F Not assosciated to any Equipment.,1440773869685,201309208726030001016A9F,12032386
7395,4,ChangeStatus,201309198726030001015D2B,root,7395_NI,6184,false,7395_NI,Tag ID :201309198726030001015D2B Not assosciated to any Equipment.,1440773867669,201309198726030001015D2B,12032391
7395,4,ChangeStatus,201309208726030001016AE1,root,7395_NI,6213,false,7395_NI,Tag ID :201309208726030001016AE1 Not assosciated to any Equipment.,1438728161143,201309208726030001016AE1,12032393
7395,4,ChangeStatus,2013091987260300010188A6,root,7395_NI,6015,false,7395_NI,Tag ID :2013091987260300010188A6 Not assosciated to any Equipment.,1439920621488,2013091987260300010188A6,12053449
7395,4,ChangeStatus,20130922872603000101964B,root,7395_NI,6324,false,7395_NI,Tag ID :20130922872603000101964B Not assosciated to any Equipment.,1439869255443,20130922872603000101964B,12055345
7394,4,ChangeStatus,20130922872603000101A1E3,root,7394_NI,10981,false,7394_NI,Tag ID :20130922872603000101A1E3 Not assosciated to any Equipment.,1442428579779,20130922872603000101A1E3,12055817
7394,4,ChangeStatus,201309158726030001012F42,root,7394_INUSE,10548,false,7394_InUse,Tag ID :201309158726030001012F42 Not assosciated to any Equipment.,1442697522566,201309158726030001012F42,12059301
7395,4,ChangeStatus,201309148726030001012000,root,7395_NI,6066,false,7395_NI,Tag ID :201309148726030001012000 Not assosciated to any Equipment.,1437487941974,201309148726030001012000,12064228
7395,4,ChangeStatus,2013091887260300010143DF,root,7395_NI,6189,false,7395_NI,Tag ID :2013091887260300010143DF Not assosciated to any Equipment.,1440774115502,2013091887260300010143DF,12065271
7394,4,ChangeStatus,20130922872603000101A16C,root,7394_INUSE,10693,false,7394_InUse,Tag ID :20130922872603000101A16C Not assosciated to any Equipment.,1442693992510,20130922872603000101A16C,12065277
7395,4,ChangeStatus,201309198726030001018823,root,7395_NI,6016,false,7395_NI,Tag ID :201309198726030001018823 Not assosciated to any Equipment.,1440277528454,201309198726030001018823,12066156
7395,4,ChangeStatus,20130919872603000101602B,root,7395_NI,5869,false,7395_NI,Tag ID :20130919872603000101602B Not assosciated to any Equipment.,1438016222846,20130919872603000101602B,12077849
7394,4,ChangeStatus,201309148726030001012A83,root,7394_NI,10727,false,7394_NI,Tag ID :201309148726030001012A83 Not assosciated to any Equipment.,1443445145102,201309148726030001012A83,12077931
7394,4,ChangeStatus,201309228726030001019B30,root,7394_INUSE,10879,false,7394_InUse,Tag ID :201309228726030001019B30 Not assosciated to any Equipment.,1442040303611,201309228726030001019B30,12077939
7395,4,ChangeStatus,2013091987260300010187F7,root,7395_NI,6009,false,7395_NI,Tag ID :2013091987260300010187F7 Not assosciated to any Equipment.,1437404461740,2013091987260300010187F7,12079586
7394,4,ChangeStatus,201309158726030001012F55,root,7394_INUSE,10522,false,7394_InUse,Tag ID :201309158726030001012F55 Not assosciated to any Equipment.,1442699205817,201309158726030001012F55,12091458
7395,3,ChangeStatus,20130922872603000101956D,root,7395_NI,6322,false,7395_NI,Tag ID :20130922872603000101956D Not assosciated to any Equipment.,1440277849743,20130922872603000101956D,12095693
7394,4,ChangeStatus,201309198726030001017B76,root,7394_NI,4295,false,7394_NI,Tag ID :201309198726030001017B76 Not assosciated to any Equipment.,1439469650505,201309198726030001017B76,12095694
7394,4,ChangeStatus,201309158726030001012BA0,root,7394_NI,10587,false,7394_NI,Tag ID :201309158726030001012BA0 Not assosciated to any Equipment.,1443445039693,201309158726030001012BA0,12105642
7394,4,ChangeStatus,2013091387260300010115A4,root,7394_INUSE,11082,false,7394_InUse,Tag ID :2013091387260300010115A4 Not assosciated to any Equipment.,1442703705074,2013091387260300010115A4,12105958
7394,4,ChangeStatus,201309148726030001011CFB,root,7394_INUSE,10658,false,7394_InUse,Tag ID :201309148726030001011CFB Not assosciated to any Equipment.,1442703683808,201309148726030001011CFB,12108602
7395,4,ChangeStatus,201309228726030001019537,root,7395_INUSE,6313,false,7395_InUse,Tag ID :201309228726030001019537 Not assosciated to any Equipment.,1438080607521,201309228726030001019537,12123065
7394,4,ChangeStatus,201309198726030001015FCF,root,7394_INUSE,11130,false,7394_InUse,Tag ID :201309198726030001015FCF Not assosciated to any Equipment.,1442796244698,201309198726030001015FCF,12141948
7394,4,ChangeStatus,201309228726030001019CD2,root,7394_INUSE,11127,false,7394_InUse,Tag ID :201309228726030001019CD2 Not assosciated to any Equipment.,1442795758953,201309228726030001019CD2,12141949
7394,4,ChangeStatus,201309228726030001019C9D,root,7394_INUSE,11133,false,7394_InUse,Tag ID :201309228726030001019C9D Not assosciated to any Equipment.,1442796247323,201309228726030001019C9D,12141952
7395,4,ChangeStatus,2013091887260300010142D2,root,7395_NI,6043,false,7395_NI,Tag ID :2013091887260300010142D2 Not assosciated to any Equipment.,1441125001343,2013091887260300010142D2,12143793
7394,4,ChangeStatus,201309228726030001019D96,root,7394_NI,3874,false,7394_NI,Tag ID :201309228726030001019D96 Not assosciated to any Equipment.,1436544991994,201309228726030001019D96,12148554
7395,4,ChangeStatus,20130922872603000101951B,root,7395_NI,6335,false,7395_NI,Tag ID :20130922872603000101951B Not assosciated to any Equipment.,1440421001763,20130922872603000101951B,12148573
7395,4,ChangeStatus,201309208726030001016A64,root,7395_NI,6183,false,7395_NI,Tag ID :201309208726030001016A64 Not assosciated to any Equipment.,1440888213935,201309208726030001016A64,12167411
7395,4,ChangeStatus,201309148726030001011AF3,root,7395_INUSE,6075,false,7395_InUse,Tag ID :201309148726030001011AF3 Not assosciated to any Equipment.,1437606911410,201309148726030001011AF3,12167438
7395,4,ChangeStatus,201309148726030001011C27,root,7395_INUSE,6077,false,7395_InUse,Tag ID :201309148726030001011C27 Not assosciated to any Equipment.,1438979539145,201309148726030001011C27,12167447
7394,4,ChangeStatus,2013091487260300010129C3,root,7394_INUSE,10801,false,7394_InUse,Tag ID :2013091487260300010129C3 Not assosciated to any Equipment.,1442411593259,2013091487260300010129C3,12184469
7394,4,ChangeStatus,20130922872603000101A895,root,7394_INUSE,10688,false,7394_InUse,Tag ID :20130922872603000101A895 Not assosciated to any Equipment.,1442693718935,20130922872603000101A895,12199522
7394,4,ChangeStatus,20130915872603000101302D,root,7394_INUSE,10539,false,7394_InUse,Tag ID :20130915872603000101302D Not assosciated to any Equipment.,1442699209051,20130915872603000101302D,12205255
7395,4,ChangeStatus,201309198726030001018878,root,7395_NI,6106,false,7395_NI,Tag ID :201309198726030001018878 Not assosciated to any Equipment.,1440421051842,201309198726030001018878,12213324
7394,4,ChangeStatus,201309148726030001012AB0,root,7394_NI,11099,false,7394_NI,Tag ID :201309148726030001012AB0 Not assosciated to any Equipment.,1443445150836,201309148726030001012AB0,12223726
7395,4,ChangeStatus,201309218726030001019235,root,7395_NI,6252,false,7395_NI,Tag ID :201309218726030001019235 Not assosciated to any Equipment.,1437404458908,201309218726030001019235,12226019
7394,4,ChangeStatus,201309158726030001012FA2,root,7394_INUSE,10520,false,7394_InUse,Tag ID :201309158726030001012FA2 Not assosciated to any Equipment.,1441817702781,201309158726030001012FA2,12238376
7395,4,ChangeStatus,2013091987260300010180AF,root,7395_NI,6120,false,7395_NI,Tag ID :2013091987260300010180AF Not assosciated to any Equipment.,1439741527663,2013091987260300010180AF,12238639
7395,4,ChangeStatus,2013092287260300010194BC,root,7395_INUSE,6343,false,7395_InUse,Tag ID :2013092287260300010194BC Not assosciated to any Equipment.,1437606917327,2013092287260300010194BC,12243827
7395,4,ChangeStatus,201309148726030001011BD3,root,7395_INUSE,6124,false,7395_InUse,Tag ID :201309148726030001011BD3 Not assosciated to any Equipment.,1439167765672,201309148726030001011BD3,12243828
7395,4,ChangeStatus,2013091987260300010161EA,root,7395_INUSE,6117,false,7395_InUse,Tag ID :2013091987260300010161EA Not assosciated to any Equipment.,1437594182051,2013091987260300010161EA,12247228
7440,4,ChangeStatus,201309198726030001015EC9,root,7440_INUSE,4109,false,7440_InUse,Tag ID :201309198726030001015EC9 Not assosciated to any Equipment.,1438045359742,201309198726030001015EC9,12250616
7395,4,ChangeStatus,201309188726030001014280,root,7395_SCRAP,5868,false,7395_Scrap,Tag ID :201309188726030001014280 Not assosciated to any Equipment.,1432293081548,201309188726030001014280,12259595
7395,4,ChangeStatus,2013091487260300010120F9,root,7395_NI,6362,false,7395_NI,Tag ID :2013091487260300010120F9 Not assosciated to any Equipment.,1438627935320,2013091487260300010120F9,12264607
7395,4,ChangeStatus,201309138726030001010F7F,root,7395_INUSE,6105,false,7395_InUse,Tag ID :201309138726030001010F7F Not assosciated to any Equipment.,1438091136486,201309138726030001010F7F,12265088
7395,3,ChangeStatus,20130922872603000101955A,root,7395_INUSE,6327,false,7395_InUse,Tag ID :20130922872603000101955A Not assosciated to any Equipment.,1440740349636,20130922872603000101955A,12288758
7395,4,ChangeStatus,201309198726030001016034,root,7395_INUSE,6034,false,7395_InUse,Tag ID :201309198726030001016034 Not assosciated to any Equipment.,1437614402940,201309198726030001016034,12288762
7395,4,ChangeStatus,201309148726030001011EAC,root,7395_INUSE,6306,false,7395_InUse,Tag ID :201309148726030001011EAC Not assosciated to any Equipment.,1438032054111,201309148726030001011EAC,12297954
7394,4,ChangeStatus,201309218726030001018D4B,root,7394_INUSE,11226,false,7394_InUse,Tag ID :201309218726030001018D4B Not assosciated to any Equipment.,1441782264348,201309218726030001018D4B,12322366
7395,4,ChangeStatus,201309228726030001019587,root,7395_NI,6331,false,7395_NI,Tag ID :201309228726030001019587 Not assosciated to any Equipment.,1440421001544,201309228726030001019587,12323798
7394,4,ChangeStatus,201309188726030001015645,root,7394_NI,3993,false,7394_NI,Tag ID :201309188726030001015645 Not assosciated to any Equipment.,1438272103796,201309188726030001015645,12327242
7394,4,ChangeStatus,201309148726030001012294,root,7394_NI,4178,false,7394_NI,Tag ID :201309148726030001012294 Not assosciated to any Equipment.,1435332080245,2013092287260300010199AD,12327587
7394,4,ChangeStatus,2013091487260300010122C3,root,7394_NI,4172,false,7394_NI,Tag ID :2013091487260300010122C3 Not assosciated to any Equipment.,1441235786893,2013091487260300010122C3,12327597
7394,4,ChangeStatus,201309158726030001012B36,root,7394_INUSE,10552,false,7394_InUse,Tag ID :201309158726030001012B36 Not assosciated to any Equipment.,1442699205895,201309158726030001012B36,12328354
7395,4,ChangeStatus,2013092287260300010195E1,root,7395_NI,6336,false,7395_NI,Tag ID :2013092287260300010195E1 Not assosciated to any Equipment.,1438728134393,2013092287260300010195E1,12333829
7395,4,ChangeStatus,201309198726030001017D4C,root,7395_NI,6010,false,7395_NI,Tag ID :201309198726030001017D4C Not assosciated to any Equipment.,1440888512192,201309198726030001017D4C,12340215
7395,3,ChangeStatus,2013092287260300010195F0,root,7395_NI,6330,false,7395_NI,Tag ID :2013092287260300010195F0 Not assosciated to any Equipment.,1437255409824,2013092287260300010195F0,12340217
7395,3,ChangeStatus,201309198726030001017D4B,root,7395_INUSE,6006,false,7395_InUse,Tag ID :201309198726030001017D4B Not assosciated to any Equipment.,1440253105165,201309198726030001017D4B,12340220
7395,3,ChangeStatus,20130920872603000101728F,root,7395_NI,6093,false,7395_NI,Tag ID :20130920872603000101728F Not assosciated to any Equipment.,1438226135211,20130920872603000101728F,12340228
7394,4,ChangeStatus,201309148726030001012A25,root,7394_INUSE,10630,false,7394_InUse,Tag ID :201309148726030001012A25 Not assosciated to any Equipment.,1442040597641,201309148726030001012A25,12347396
7395,4,ChangeStatus,201309198726030001017DD3,bupkaw,7395_AVAILABLE,5995,false,7395_Available,Tag ID :201309198726030001017DD3 Not assosciated to any Equipment.,1442408691201,201309198726030001017DD3,12347535
7395,4,ChangeStatus,201309148726030001011AC3,root,7395_INUSE,6115,false,7395_InUse,Tag ID :201309148726030001011AC3 Not assosciated to any Equipment.,1437594181946,201309148726030001011AC3,12351453
7394,4,ChangeStatus,20130913872603000101161F,root,7394_INUSE,11044,false,7394_InUse,Tag ID :20130913872603000101161F Not assosciated to any Equipment.,1442411819051,20130913872603000101161F,12356647
7394,4,ChangeStatus,20130919872603000101806B,root,7394_INUSE,4327,false,7394_InUse,Tag ID :20130919872603000101806B Not assosciated to any Equipment.,1441781591692,20130919872603000101806B,12410796
7394,4,ChangeStatus,201309198726030001018040,root,7394_NI,4328,false,7394_NI,Tag ID :201309198726030001018040 Not assosciated to any Equipment.,1441236090618,201309198726030001018040,12410841
7395,4,ChangeStatus,201309148726030001011ACA,root,7395_NI,6104,false,7395_NI,Tag ID :201309148726030001011ACA Not assosciated to any Equipment.,1438016217799,201309148726030001011ACA,12440594
7395,4,ChangeStatus,201309208726030001016C16,root,7395_NI,6101,false,7395_NI,Tag ID :201309208726030001016C16 Not assosciated to any Equipment.,1441125004249,201309208726030001016C16,12440597
7395,4,ChangeStatus,2013092087260300010172C4,root,7395_NI,6083,false,7395_NI,Tag ID :2013092087260300010172C4 Not assosciated to any Equipment.,1440421047983,2013092087260300010172C4,12440879
7394,4,ChangeStatus,201309228726030001019DCD,root,7394_NI,3873,false,7394_NI,Tag ID :201309228726030001019DCD Not assosciated to any Equipment.,1435712158606,201309228726030001019DCD,12440881
7394,4,ChangeStatus,20130922872603000101A1E9,root,7394_NI,10980,false,7394_NI,Tag ID :20130922872603000101A1E9 Not assosciated to any Equipment.,1442428881022,20130922872603000101A1E9,12446094
7394,4,ChangeStatus,2013091487260300010129B9,root,7394_INUSE,10814,false,7394_InUse,Tag ID :2013091487260300010129B9 Not assosciated to any Equipment.,1442411808144,2013091487260300010129B9,12446097
7394,4,ChangeStatus,2013091487260300010119F5,root,7394_INUSE,10726,false,7394_InUse,Tag ID :2013091487260300010119F5 Not assosciated to any Equipment.,1442693995495,2013091487260300010119F5,12460194
7370,4,ChangeStatus,20130923872603000101AF58,root,7370_AVAILABLE,4051,false,7370_Available,Tag ID :20130923872603000101AF58 Not assosciated to any Equipment.,1442501519565,20130923872603000101AF58,12460253
7395,3,ChangeStatus,201309148726030001011A6F,root,7395_INUSE,6074,false,7395_InUse,Tag ID :201309148726030001011A6F Not assosciated to any Equipment.,1439166927185,201309148726030001011A6F,12462966
7394,4,ChangeStatus,2013092287260300010199FE,root,7394_NI,10911,false,7394_NI,Tag ID :2013092287260300010199FE Not assosciated to any Equipment.,1443041521060,2013092287260300010199FE,12468904
7394,4,ChangeStatus,2013091487260300010129D7,root,7394_INUSE,10841,false,7394_InUse,Tag ID :2013091487260300010129D7 Not assosciated to any Equipment.,1442703675620,2013091487260300010129D7,12468914
7394,4,ChangeStatus,201309148726030001011D2E,root,7394_INUSE,10917,false,7394_InUse,Tag ID :201309148726030001011D2E Not assosciated to any Equipment.,1441779508625,201309148726030001011D2E,12468932
7395,4,ChangeStatus,201309218726030001019247,root,7395_NI,6214,false,7395_NI,Tag ID :201309218726030001019247 Not assosciated to any Equipment.,1440421059298,201309218726030001019247,12470367
7394,4,ChangeStatus,2013091487260300010129DF,root,7394_INUSE,10819,false,7394_InUse,Tag ID :2013091487260300010129DF Not assosciated to any Equipment.,1442042179027,2013091487260300010129DF,12471784
7394,4,ChangeStatus,201309148726030001012A0D,root,7394_INUSE,10817,false,7394_InUse,Tag ID :201309148726030001012A0D Not assosciated to any Equipment.,1442697514441,201309148726030001012A0D,12471797
7394,3,ChangeStatus,201309218726030001018D6E,root,7394_INUSE,11223,false,7394_InUse,Tag ID :201309218726030001018D6E Not assosciated to any Equipment.,1441779505953,201309218726030001018D6E,12471799
7395,4,ChangeStatus,2013092287260300010194DE,root,7395_NI,6345,false,7395_NI,Tag ID :2013092287260300010194DE Not assosciated to any Equipment.,1439868954402,2013092287260300010194DE,12478471
7370,4,ChangeStatus,20130923872603000101AEF5,root,7370_AVAILABLE,3850,false,7370_Available,Tag ID :20130923872603000101AEF5 Not assosciated to any Equipment.,1442501514111,20130923872603000101AEF5,12500489
7370,4,ChangeStatus,201309228726030001019D05,root,7370_NI,3822,false,7370_NI,Tag ID :201309228726030001019D05 Not assosciated to any Equipment.,1442501508705,201309228726030001019D05,12500576
7394,3,ChangeStatus,201309198726030001017BE3,root,7394_NI,4314,false,7394_NI,Tag ID :201309198726030001017BE3 Not assosciated to any Equipment.,1435599914219,201309198726030001017BE3,12500580
7394,4,ChangeStatus,201309228726030001019A1B,root,7394_INUSE,10632,false,7394_InUse,Tag ID :201309228726030001019A1B Not assosciated to any Equipment.,1442040597688,201309228726030001019A1B,12514895
7394,4,ChangeStatus,201309158726030001012FE1,root,7394_INUSE,10501,false,7394_InUse,Tag ID :201309158726030001012FE1 Not assosciated to any Equipment.,1442042196247,201309158726030001012FE1,12515195
7394,4,ChangeStatus,2013091387260300010116D8,root,7394_INUSE,11049,false,7394_InUse,Tag ID :2013091387260300010116D8 Not assosciated to any Equipment.,1442411593087,2013091387260300010116D8,12526278
7394,4,ChangeStatus,20130922872603000101A1ED,root,7394_NI,10979,false,7394_NI,Tag ID :20130922872603000101A1ED Not assosciated to any Equipment.,1442428583654,20130922872603000101A1ED,12541576
7394,4,ChangeStatus,20130922872603000101A1DA,root,7394_NI,10984,false,7394_NI,Tag ID :20130922872603000101A1DA Not assosciated to any Equipment.,1442428579857,20130922872603000101A1DA,12541637
7395,3,ChangeStatus,201309208726030001016AB1,root,7395_INUSE,6207,false,7395_InUse,Tag ID :201309208726030001016AB1 Not assosciated to any Equipment.,1440253103021,201309208726030001016AB1,12550433
7395,4,ChangeStatus,201309208726030001016A58,root,7395_NI,6178,false,7395_NI,Tag ID :201309208726030001016A58 Not assosciated to any Equipment.,1438627589960,201309208726030001016A58,12562392
7394,4,ChangeStatus,2013091487260300010126A6,root,7394_NI,11110,false,7394_NI,Tag ID :2013091487260300010126A6 Not assosciated to any Equipment.,1443445156868,2013091487260300010126A6,12562595
7394,4,ChangeStatus,2013091487260300010129CF,root,7394_INUSE,10922,false,7394_InUse,Tag ID :2013091487260300010129CF Not assosciated to any Equipment.,1442693998229,2013091487260300010129CF,12567075
7394,4,ChangeStatus,201309148726030001012A08,root,7394_INUSE,10838,false,7394_InUse,Tag ID :201309148726030001012A08 Not assosciated to any Equipment.,1442703676620,201309148726030001012A08,12567078
7394,4,ChangeStatus,201309148726030001011CD6,root,7394_INUSE,10924,false,7394_InUse,Tag ID :201309148726030001011CD6 Not assosciated to any Equipment.,1442694000933,201309148726030001011CD6,12567083
7394,4,ChangeStatus,2013091287260300010102FE,root,7394_NI,10966,false,7394_NI,Tag ID :2013091287260300010102FE Not assosciated to any Equipment.,1443041564874,2013091287260300010102FE,12567094
7395,4,ChangeStatus,201309208726030001017235,root,7395_INUSE,6095,false,7395_InUse,Tag ID :201309208726030001017235 Not assosciated to any Equipment.,1438197904671,201309208726030001017235,12568677
7395,4,ChangeStatus,201309148726030001011FE3,bupkaw,7395_AVAILABLE,6064,false,7395_Available,Tag ID :201309148726030001011FE3 Not assosciated to any Equipment.,1442408687639,201309148726030001011FE3,12568793
7394,4,ChangeStatus,201309198726030001015A9E,root,7394_INUSE,4504,false,7394_InUse,Tag ID :201309198726030001015A9E Not assosciated to any Equipment.,1442694006589,201309198726030001015A9E,12574005
7395,4,ChangeStatus,2013091887260300010142B5,root,7395_NI,6206,false,7395_NI,Tag ID :2013091887260300010142B5 Not assosciated to any Equipment.,1438703825073,2013091887260300010142B5,12574007
7394,4,ChangeStatus,2013091287260300010102F6,root,7394_INUSE,10970,false,7394_InUse,Tag ID :2013091287260300010102F6 Not assosciated to any Equipment.,1442285516964,2013091287260300010102F6,12576415
7394,4,ChangeStatus,2013092287260300010199EE,root,7394_INUSE,10912,false,7394_InUse,Tag ID :2013092287260300010199EE Not assosciated to any Equipment.,1441782261317,2013092287260300010199EE,12576433
7394,4,ChangeStatus,201309148726030001011C7F,root,7394_INUSE,4341,false,7394_InUse,Tag ID :201309148726030001011C7F Not assosciated to any Equipment.,1442700761702,201309148726030001011C7F,12579604
7394,3,ChangeStatus,20130922872603000101A641,root,7394_INUSE,3561,false,7394_InUse,Tag ID :20130922872603000101A641 Not assosciated to any Equipment.,1439404403126,20130922872603000101A641,12582490
7394,4,ChangeStatus,20130922872603000101A83A,root,7394_INUSE,10999,false,7394_InUse,Tag ID :20130922872603000101A83A Not assosciated to any Equipment.,1442699205739,20130922872603000101A83A,12586082
7394,4,ChangeStatus,2013091487260300010129C4,root,7394_INUSE,10855,false,7394_InUse,Tag ID :2013091487260300010129C4 Not assosciated to any Equipment.,1442693998183,2013091487260300010129C4,12586093
7394,4,ChangeStatus,2013091287260300010102A7,root,7394_NI,11100,false,7394_NI,Tag ID :2013091287260300010102A7 Not assosciated to any Equipment.,1443445154133,2013091287260300010102A7,12586104
7394,4,ChangeStatus,201309148726030001012A93,root,7394_NI,11098,false,7394_NI,Tag ID :201309148726030001012A93 Not assosciated to any Equipment.,1443445150774,201309148726030001012A93,12586107
7370,4,ChangeStatus,20130923872603000101AF86,root,7370_LOCALRDTEST,3819,false,7370_LocalRDTest,Tag ID :20130923872603000101AF86 Not assosciated to any Equipment.,1442501472656,20130923872603000101AF86,12587442
7395,4,ChangeStatus,201309148726030001011C22,bupkaw,7395_AVAILABLE,6122,false,7395_Available,Tag ID :201309148726030001011C22 Not assosciated to any Equipment.,1438116920163,201309148726030001011C22,12595304
7395,4,ChangeStatus,201309198726030001015AF8,root,7395_NI,6112,false,7395_NI,Tag ID :201309198726030001015AF8 Not assosciated to any Equipment.,1440421057186,201309198726030001015AF8,12602093
7395,4,ChangeStatus,201309228726030001019474,root,7395_NI,6350,false,7395_NI,Tag ID :201309228726030001019474 Not assosciated to any Equipment.,1438627931742,201309228726030001019474,12603687
7394,4,ChangeStatus,20130912872603000101030B,root,7394_INUSE,10678,false,7394_InUse,Tag ID :20130912872603000101030B Not assosciated to any Equipment.,1441817702781,20130912872603000101030B,12610538
7394,3,ChangeStatus,201309158726030001012FBF,root,7394_INUSE,4506,false,7394_InUse,Tag ID :201309158726030001012FBF Not assosciated to any Equipment.,1442285845277,201309158726030001012FBF,12610573
7370,4,ChangeStatus,201309228726030001019D09,root,7370_NI,3821,false,7370_NI,Tag ID :201309228726030001019D09 Not assosciated to any Equipment.,1442501506049,201309228726030001019D09,12614646
7370,4,ChangeStatus,201309228726030001019D4B,root,7370_NI,3823,false,7370_NI,Tag ID :201309228726030001019D4B Not assosciated to any Equipment.,1442501508705,201309228726030001019D4B,12614647
7394,4,ChangeStatus,20130922872603000101A23D,root,7394_INUSE,11003,false,7394_InUse,Tag ID :20130922872603000101A23D Not assosciated to any Equipment.,1442694006480,20130922872603000101A23D,12616823
7395,3,ChangeStatus,201309198726030001015F37,root,7395_NI,6055,false,7395_NI,Tag ID :201309198726030001015F37 Not assosciated to any Equipment.,1440163917722,201309198726030001015F37,12619782
7395,4,ChangeStatus,2013092187260300010191DA,root,7395_NI,5852,false,7395_NI,Tag ID :2013092187260300010191DA Not assosciated to any Equipment.,1438608589957,2013092187260300010191DA,12620251
7394,4,ChangeStatus,201309158726030001012F9D,root,7394_INUSE,10506,false,7394_InUse,Tag ID :201309158726030001012F9D Not assosciated to any Equipment.,1442042185262,201309158726030001012F9D,12623654
7394,4,ChangeStatus,201309228726030001019D6C,root,7394_INUSE,3892,false,7394_InUse,Tag ID :20130914872603000101297A Not assosciated to any Equipment.,1442703685886,20130914872603000101297A,12628220
7394,4,ChangeStatus,201309148726030001012A10,root,7394_INUSE,10854,false,7394_InUse,Tag ID :201309148726030001012A10 Not assosciated to any Equipment.,1442693995495,201309148726030001012A10,12633449
7370,4,ChangeStatus,20130923872603000101AFC4,root,7370_LOCALRDTEST,4064,false,7370_LocalRDTest,Tag ID :20130923872603000101AFC4 Not assosciated to any Equipment.,1442501478610,20130923872603000101AFC4,12633702
7395,4,ChangeStatus,201309208726030001017262,root,7395_NI,6088,false,7395_NI,Tag ID :201309208726030001017262 Not assosciated to any Equipment.,1437808276297,201309208726030001017262,12636316
7395,4,ChangeStatus,201309198726030001015F24,root,7395_INUSE,6038,false,7395_InUse,Tag ID :201309198726030001015F24 Not assosciated to any Equipment.,1437594427288,201309198726030001015F24,12636320
7395,4,ChangeStatus,201309148726030001011ABF,root,7395_INUSE,6072,false,7395_InUse,Tag ID :201309148726030001011ABF Not assosciated to any Equipment.,1438879781396,201309148726030001011ABF,12650483
7395,4,ChangeStatus,201309188726030001015447,root,7395_INUSE,6020,false,7395_InUse,Tag ID :201309188726030001015447 Not assosciated to any Equipment.,1438883536367,201309188726030001015447,12650499
7395,4,ChangeStatus,201309208726030001016C52,root,7395_INUSE,6466,false,7395_InUse,Tag ID :201309208726030001016C52 Not assosciated to any Equipment.,1437091935563,201309208726030001016C52,12650500
7395,3,ChangeStatus,20130918872603000101449A,bupkaw,7395_AVAILABLE,6019,false,7395_Available,Tag ID :20130918872603000101449A Not assosciated to any Equipment.,1438116473333,20130918872603000101449A,12650548
7395,4,ChangeStatus,201309188726030001014317,root,7395_NI,6371,false,7395_NI,Tag ID :201309188726030001014317 Not assosciated to any Equipment.,1438172848163,201309188726030001014317,12656645
7395,3,ChangeStatus,201309208726030001016ACE,root,7395_NI,6181,false,7395_NI,Tag ID :201309208726030001016ACE Not assosciated to any Equipment.,1438627924383,201309208726030001016ACE,12656659
7370,4,ChangeStatus,201309228726030001019F51,root,7370_NI,3632,false,7370_NI,Tag ID :201309228726030001019F51 Not assosciated to any Equipment.,1442503232504,201309228726030001019F51,12662712
7395,4,ChangeStatus,201309208726030001016A75,root,7395_NI,6185,false,7395_NI,Tag ID :201309208726030001016A75 Not assosciated to any Equipment.,1440421066202,201309208726030001016A75,12664606
7395,4,ChangeStatus,20130918872603000101549E,root,7395_NI,6027,false,7395_NI,Tag ID :20130918872603000101549E Not assosciated to any Equipment.,1441124705962,20130918872603000101549E,12664882
7395,4,ChangeStatus,201309158726030001012FEC,root,7395_NI,6175,false,7395_NI,Tag ID :201309158726030001012FEC Not assosciated to any Equipment.,1438627928117,201309158726030001012FEC,12664899
7395,4,ChangeStatus,201309208726030001016C5E,root,7395_INUSE,6459,false,7395_InUse,Tag ID :201309208726030001016C5E Not assosciated to any Equipment.,1437594434490,201309208726030001016C5E,12664919
7395,3,ChangeStatus,2013092287260300010198CC,root,7395_NI,4441,false,7395_NI,Tag ID :2013092287260300010198CC Not assosciated to any Equipment.,1437759441545,2013092287260300010198CC,12664920
7395,2,ChangeStatus,201309208726030001016F5F,root,7395_NI,6024,false,7395_NI,Tag ID :201309208726030001016F5F Not assosciated to any Equipment.,1440734805878,201309208726030001016F5F,12664955
7395,4,ChangeStatus,2013091987260300010180CF,root,7395_NI,6110,false,7395_NI,Tag ID :2013091987260300010180CF Not assosciated to any Equipment.,1440277829231,2013091987260300010180CF,12665359
7395,4,ChangeStatus,201309198726030001018031,root,7395_NI,6108,false,7395_NI,Tag ID :201309198726030001018031 Not assosciated to any Equipment.,1440421053452,201309198726030001018031,12665362
7395,4,ChangeStatus,201309198726030001017D8B,root,7395_NI,5997,false,7395_NI,Tag ID :201309198726030001017D8B Not assosciated to any Equipment.,1441124704993,201309198726030001017D8B,12665374
7394,4,ChangeStatus,201309208726030001017381,root,7394_INUSE,4391,false,7394_InUse,Tag ID :201309208726030001017381 Not assosciated to any Equipment.,1435751244907,201309208726030001017381,12665547
7394,4,ChangeStatus,20130914872603000101299B,root,7394_INUSE,10837,false,7394_InUse,Tag ID :20130914872603000101299B Not assosciated to any Equipment.,1442703679808,20130914872603000101299B,12670880
7394,4,ChangeStatus,201309138726030001010F1D,root,7394_INUSE,11018,false,7394_InUse,Tag ID :201309138726030001010F1D Not assosciated to any Equipment.,1442697499362,201309138726030001010F1D,12670881
7395,3,ChangeStatus,201309148726030001011BF0,root,7395_NI,6113,false,7395_NI,Tag ID :201309148726030001011BF0 Not assosciated to any Equipment.,1440888542161,201309148726030001011BF0,12674714
7395,4,ChangeStatus,201309148726030001011C59,root,7395_INUSE,6116,false,7395_InUse,Tag ID :201309148726030001011C59 Not assosciated to any Equipment.,1438080608568,201309148726030001011C59,12674716
7395,4,ChangeStatus,20130918872603000101435D,root,7395_NI,6374,false,7395_NI,Tag ID :20130918872603000101435D Not assosciated to any Equipment.,1438728165097,20130918872603000101435D,12675731
7393,4,ChangeStatus,20130924872603000101CACF,medinaa,7393_AVAILABLE,8484,false,7393_Available,Tag ID :20130924872603000101CACF Not assosciated to any Equipment.,1440859451692,20130924872603000101CACF,12675742
7394,4,ChangeStatus,20130913872603000101167C,root,7394_INUSE,11050,false,7394_InUse,Tag ID :20130913872603000101167C Not assosciated to any Equipment.,1442411802362,20130913872603000101167C,12675756
7395,4,ChangeStatus,2013092087260300010172E3,root,7395_NI,6091,false,7395_NI,Tag ID :2013092087260300010172E3 Not assosciated to any Equipment.,1440774111674,2013092087260300010172E3,12688906
7395,4,ChangeStatus,201309148726030001011C2F,root,7395_NI,6086,false,7395_NI,Tag ID :201309148726030001011C2F Not assosciated to any Equipment.,1437808572751,201309148726030001011C2F,12694289
7394,4,ChangeStatus,201309218726030001018DC0,root,7394_INUSE,10756,false,7394_InUse,Tag ID :201309218726030001018DC0 Not assosciated to any Equipment.,1441779472405,201309218726030001018DC0,12712486
7394,4,ChangeStatus,201309198726030001017C34,root,7394_NI,4600,false,7394_NI,Tag ID :201309198726030001017C34 Not assosciated to any Equipment.,1442775446592,201309198726030001017C34,12715248
7394,4,ChangeStatus,201309198726030001017C33,root,7394_NI,4599,false,7394_NI,Tag ID :201309198726030001017C33 Not assosciated to any Equipment.,1442775454889,201309198726030001017C33,12715274
7394,4,ChangeStatus,201309188726030001015683,root,7394_NI,3717,false,7394_NI,Tag ID :201309188726030001015683 Not assosciated to any Equipment.,1439347184105,201309188726030001015683,12715639
7394,4,ChangeStatus,201309188726030001015619,root,7394_NI,3705,false,7394_NI,Tag ID :201309188726030001015619 Not assosciated to any Equipment.,1441125859392,201309188726030001015619,12722196
7394,4,ChangeStatus,201309198726030001015927,root,7394_INUSE,4390,false,7394_InUse,Tag ID :201309198726030001015927 Not assosciated to any Equipment.,1442703718247,201309198726030001015927,12722253
7394,4,ChangeStatus,2013091487260300010129A2,root,7394_INUSE,10629,false,7394_InUse,Tag ID :2013091487260300010129A2 Not assosciated to any Equipment.,1442590489018,2013091487260300010129A2,12728369
7395,4,ChangeStatus,201309198726030001016029,root,7395_NI,6092,false,7395_NI,Tag ID :201309198726030001016029 Not assosciated to any Equipment.,1437808275531,201309198726030001016029,12735637
7395,3,ChangeStatus,201309198726030001015E2E,root,7395_NI,6001,false,7395_NI,Tag ID :201309198726030001015E2E Not assosciated to any Equipment.,1438704154729,201309198726030001015E2E,12735674
7395,4,ChangeStatus,201309198726030001015FFA,root,7395_NI,6032,false,7395_NI,Tag ID :201309198726030001015FFA Not assosciated to any Equipment.,1441125001343,201309198726030001015FFA,12735715
7393,4,ChangeStatus,20130922872603000101A16B,medinaa,7393_AVAILABLE,8481,false,7393_Available,Tag ID :20130922872603000101A16B Not assosciated to any Equipment.,1441925317378,20130922872603000101A16B,12738725
7394,4,ChangeStatus,20130923872603000101AE39,root,7394_INUSE,11000,false,7394_InUse,Tag ID :20130923872603000101AE39 Not assosciated to any Equipment.,1442699209051,20130923872603000101AE39,12740511
7394,4,ChangeStatus,201309158726030001012C35,root,7394_INUSE,10967,false,7394_InUse,Tag ID :201309158726030001012C35 Not assosciated to any Equipment.,1441781579550,201309158726030001012C35,12744245
7394,4,ChangeStatus,20130922872603000101A1BC,root,7394_INUSE,10996,false,7394_InUse,Tag ID :20130922872603000101A1BC Not assosciated to any Equipment.,1442693718779,20130922872603000101A1BC,12744256
7394,4,ChangeStatus,201309158726030001012FD8,root,7394_INUSE,10994,false,7394_InUse,Tag ID :201309158726030001012FD8 Not assosciated to any Equipment.,1442694003714,201309158726030001012FD8,12744257
7395,4,ChangeStatus,201309148726030001011ABC,root,7395_INUSE,6070,false,7395_InUse,Tag ID :201309148726030001011ABC Not assosciated to any Equipment.,1439167755922,201309148726030001011ABC,12745489
7395,4,ChangeStatus,2013091887260300010144F7,Hayslic,7395_INUSE,6023,false,7395_InUse,Tag ID :2013091887260300010144F7 Not assosciated to any Equipment.,1437129918160,2013091887260300010144F7,12745492
7394,4,ChangeStatus,2013092287260300010199C7,root,7394_INUSE,10633,false,7394_InUse,Tag ID :2013092287260300010199C7 Not assosciated to any Equipment.,1442040303689,2013092287260300010199C7,12745562
7395,4,ChangeStatus,201309148726030001012361,bupkaw,7395_AVAILABLE,6121,false,7395_Available,Tag ID :201309148726030001012361 Not assosciated to any Equipment.,1438116912929,201309148726030001012361,12755910
7393,4,ChangeStatus,20130924872603000101CA98,medinaa,7393_AVAILABLE,8482,false,7393_Available,Tag ID :20130924872603000101CA98 Not assosciated to any Equipment.,1440859455989,20130924872603000101CA98,12756416
7394,4,ChangeStatus,201309148726030001011CD1,root,7394_NI,10490,false,7394_NI,Tag ID :201309148726030001011CD1 Not assosciated to any Equipment.,1442428875756,201309148726030001011CD1,12764927
7394,4,ChangeStatus,2013092087260300010173A9,root,7394_NI,4440,false,7394_NI,Tag ID :2013092087260300010173A9 Not assosciated to any Equipment.,1439386410348,2013092087260300010173A9,12785755
7395,4,ChangeStatus,2013091787260300010138DD,root,7395_NI,6172,false,7395_NI,Tag ID :2013091787260300010138DD Not assosciated to any Equipment.,1438627890930,2013091787260300010138DD,12785758
7395,4,ChangeStatus,201309198726030001017DA5,root,7395_INUSE,6014,false,7395_InUse,Tag ID :201309198726030001017DA5 Not assosciated to any Equipment.,1438197900562,201309198726030001017DA5,12790677
7395,4,ChangeStatus,201309218726030001019211,root,7395_NI,6382,false,7395_NI,Tag ID :201309218726030001019211 Not assosciated to any Equipment.,1438016271175,201309218726030001019211,12803880
7395,4,ChangeStatus,201309148726030001012362,root,7395_NI,6099,false,7395_NI,Tag ID :201309148726030001012362 Not assosciated to any Equipment.,1441124706165,201309148726030001012362,12803894
7395,4,ChangeStatus,201309148726030001011A3F,root,7395_AVAILABLE,5892,false,7395_Available,Tag ID :201309148726030001011A3F Not assosciated to any Equipment.,1432050986374,201309148726030001011A3F,12808365
7395,3,ChangeStatus,201309148726030001011C21,root,7395_NI,6119,false,7395_NI,Tag ID :201309148726030001011C21 Not assosciated to any Equipment.,1438704255433,201309148726030001011C21,12810435
7394,4,ChangeStatus,2013091487260300010126DE,root,7394_INUSE,11109,false,7394_InUse,Tag ID :2013091487260300010126DE Not assosciated to any Equipment.,1441817716782,2013091487260300010126DE,12825626
7440,4,ChangeStatus,2013092287260300010197C3,root,7440_NI,4124,false,7440_NI,Tag ID :2013092287260300010197C3 Not assosciated to any Equipment.,1436821675356,2013092287260300010197C3,12830831
7395,4,ChangeStatus,2013092287260300010195DA,root,7395_NI,6325,false,7395_NI,Tag ID :2013092287260300010195DA Not assosciated to any Equipment.,1440773869856,2013092287260300010195DA,12833380
7394,4,ChangeStatus,201309228726030001019A56,root,7394_NI,10909,false,7394_NI,Tag ID :201309228726030001019A56 Not assosciated to any Equipment.,1443041517982,201309228726030001019A56,12833723
7394,4,ChangeStatus,20130914872603000101263F,root,7394_NI,11106,false,7394_NI,Tag ID :20130914872603000101263F Not assosciated to any Equipment.,1443445154133,20130914872603000101263F,12835258
7395,4,ChangeStatus,201309198726030001015DE6,root,7395_NI,6012,false,7395_NI,Tag ID :201309198726030001015DE6 Not assosciated to any Equipment.,1438016220034,201309198726030001015DE6,12835265
7394,4,ChangeStatus,201309148726030001012AD2,root,7394_NI,10728,false,7394_NI,Tag ID :201309148726030001012AD2 Not assosciated to any Equipment.,1443445145102,201309148726030001012AD2,12835315
7394,4,ChangeStatus,201309148726030001011A26,root,7394_INUSE,10724,false,7394_InUse,Tag ID :201309148726030001011A26 Not assosciated to any Equipment.,1442693992510,201309148726030001011A26,12835451
7394,4,ChangeStatus,201309228726030001019DBB,root,7394_NI,3881,false,7394_NI,Tag ID :201309228726030001019DBB Not assosciated to any Equipment.,1437479580277,201309228726030001019DBB,12835595
7394,4,ChangeStatus,201309228726030001019D3C,root,7394_INUSE,3883,false,7394_InUse,Tag ID :201309228726030001019D3C Not assosciated to any Equipment.,1442700768828,201309148726030001011A14,12835598
7395,4,ChangeStatus,20130919872603000101603A,bupkaw,7395_AVAILABLE,5907,false,7395_Available,Tag ID :20130919872603000101603A Not assosciated to any Equipment.,1438116921741,20130919872603000101603A,12840112
7394,4,ChangeStatus,20130914872603000101291B,root,7394_INUSE,10820,false,7394_InUse,Tag ID :20130914872603000101291B Not assosciated to any Equipment.,1442042180027,20130914872603000101291B,12850608
7395,4,ChangeStatus,201309208726030001016C53,Hayslic,7395_INUSE,6461,false,7395_InUse,Tag ID :201309208726030001016C53 Not assosciated to any Equipment.,1437129920035,201309208726030001016C53,12855608
7394,4,ChangeStatus,2013091487260300010126C9,root,7394_NI,11107,false,7394_NI,Tag ID :2013091487260300010126C9 Not assosciated to any Equipment.,1443445156868,2013091487260300010126C9,12859803
7394,4,ChangeStatus,20130914872603000101272D,root,7394_NI,4227,false,7394_NI,Tag ID :20130914872603000101272D Not assosciated to any Equipment.,1442522347883,20130914872603000101272D,12861847
7440,3,ChangeStatus,20130922872603000101965C,root,7440_NI,4130,false,7440_NI,Tag ID :20130922872603000101965C Not assosciated to any Equipment.,1438464660825,20130922872603000101965C,12862441
7393,4,ChangeStatus,20130922872603000101A22C,medinaa,7393_AVAILABLE,8486,false,7393_Available,Tag ID :20130922872603000101A22C Not assosciated to any Equipment.,1441925342395,20130922872603000101A22C,12863763
7393,4,ChangeStatus,20130922872603000101A1FB,medinaa,7393_AVAILABLE,8490,false,7393_Available,Tag ID :20130922872603000101A1FB Not assosciated to any Equipment.,1441925347724,20130922872603000101A1FB,12863915
7393,4,ChangeStatus,20130922872603000101A231,medinaa,7393_AVAILABLE,8488,false,7393_Available,Tag ID :20130922872603000101A231 Not assosciated to any Equipment.,1441925345052,20130922872603000101A231,12864373
7394,4,ChangeStatus,201309218726030001018DC3,root,7394_INUSE,10757,false,7394_InUse,Tag ID :201309218726030001018DC3 Not assosciated to any Equipment.,1441782307209,201309218726030001018DC3,12870000
7440,4,ChangeStatus,201309198726030001015F38,root,7440_NI,4106,false,7440_NI,Tag ID :201309198726030001015F38 Not assosciated to any Equipment.,1436819626963,201309198726030001015F38,12885305
7394,4,ChangeStatus,20130924872603000101CF1E,root,7394_INUSE,3806,false,7394_InUse,Tag ID :20130924872603000101CF1E Not assosciated to any Equipment.,1441779513844,20130924872603000101CF1E,12889279
7394,4,ChangeStatus,2013091487260300010129BA,root,7394_INUSE,10849,false,7394_InUse,Tag ID :2013091487260300010129BA Not assosciated to any Equipment.,1442699206551,2013091487260300010129BA,12892965
7395,4,ChangeStatus,201309208726030001016C1A,root,7395_INUSE,6997,false,7395_InUse,Tag ID :201309208726030001016C1A Not assosciated to any Equipment.,1439172838900,201309208726030001016C1A,12895631
7394,4,ChangeStatus,201309148726030001012A34,root,7394_INUSE,10802,false,7394_InUse,Tag ID :201309148726030001012A34 Not assosciated to any Equipment.,1442411805534,201309148726030001012A34,12898598
7394,4,ChangeStatus,201309198726030001015F7C,root,7394_INUSE,11138,false,7394_InUse,Tag ID :201309198726030001015F7C Not assosciated to any Equipment.,1442796247323,201309198726030001015F7C,12898682
7395,3,ChangeStatus,2013091887260300010142C5,root,7395_NI,6198,false,7395_NI,Tag ID :2013091887260300010142C5 Not assosciated to any Equipment.,1439869410985,2013091887260300010142C5,12899131
7395,4,ChangeStatus,201309198726030001017CEB,root,7395_INUSE,6048,false,7395_InUse,Tag ID :201309198726030001017CEB Not assosciated to any Equipment.,1438883533507,201309198726030001017CEB,12904049
7395,3,ChangeStatus,201309188726030001014452,root,7395_NI,5849,false,7395_NI,Tag ID :201309188726030001014452 Not assosciated to any Equipment.,1437404790063,201309188726030001014452,12904344
7394,4,ChangeStatus,201309208726030001017357,root,7394_INUSE,4385,false,7394_InUse,Tag ID :201309208726030001017357 Not assosciated to any Equipment.,1442703725403,201309208726030001017357,12904345
7394,4,ChangeStatus,20130912872603000101023E,root,7394_INUSE,10579,false,7394_InUse,Tag ID :20130912872603000101023E Not assosciated to any Equipment.,1442795764187,20130912872603000101023E,12917391
7394,4,ChangeStatus,201309158726030001012B37,root,7394_INUSE,10794,false,7394_InUse,Tag ID :201309158726030001012B37 Not assosciated to any Equipment.,1442796241885,201309158726030001012B37,12917393
7394,3,ChangeStatus,201309158726030001012BDE,root,7394_INUSE,10795,false,7394_InUse,Tag ID :201309158726030001012BDE Not assosciated to any Equipment.,1442796249963,201309158726030001012BDE,12917422
7394,4,ChangeStatus,20130912872603000101032C,root,7394_INUSE,10583,false,7394_InUse,Tag ID :20130912872603000101032C Not assosciated to any Equipment.,1442796058350,20130912872603000101032C,12953965
7440,4,ChangeStatus,201309198726030001015D5A,root,7440_NI,4100,false,7440_NI,Tag ID :201309198726030001015D5A Not assosciated to any Equipment.,1436819627138,201309198726030001015D5A,12965640
7394,4,ChangeStatus,20130922872603000101A1BE,root,7394_INUSE,10695,false,7394_InUse,Tag ID :20130922872603000101A1BE Not assosciated to any Equipment.,1442700765749,20130922872603000101A1BE,12971109
7440,4,ChangeStatus,20130922872603000101962F,root,7440_NI,4126,false,7440_NI,Tag ID :20130922872603000101962F Not assosciated to any Equipment.,1436819628948,20130922872603000101962F,12971893
7395,4,ChangeStatus,201309198726030001018821,root,7395_INUSE,6134,false,7395_InUse,Tag ID :201309198726030001018821 Not assosciated to any Equipment.,1437606913180,201309198726030001018821,12993899
7395,4,ChangeStatus,201309208726030001016AD5,root,7395_INUSE,6225,false,7395_InUse,Tag ID :201309208726030001016AD5 Not assosciated to any Equipment.,1439167951285,201309208726030001016AD5,12996216
7394,4,ChangeStatus,201309158726030001012F87,root,7394_INUSE,10540,false,7394_InUse,Tag ID :201309158726030001012F87 Not assosciated to any Equipment.,1441779472123,201309158726030001012F87,13006453
7395,4,ChangeStatus,2013092287260300010196CD,root,7395_NI,6305,false,7395_NI,Tag ID :2013092287260300010196CD Not assosciated to any Equipment.,1439869255333,2013092287260300010196CD,13018669
7395,4,ChangeStatus,2013091887260300010154CF,root,7395_NI,6035,false,7395_NI,Tag ID :2013091887260300010154CF Not assosciated to any Equipment.,1440277529039,2013091887260300010154CF,13025409
7370,4,ChangeStatus,201309228726030001019DA5,root,7370_MJRREPAIR,3844,false,7370_MjrRepair,Tag ID :201309228726030001019DA5 Not assosciated to any Equipment.,1442503234676,201309228726030001019DA5,13027753
7394,4,ChangeStatus,201309198726030001017B6C,root,7394_INUSE,4602,false,7394_InUse,Tag ID :201309198726030001017B6C Not assosciated to any Equipment.,1442703687995,201309198726030001017B6C,13027756
7394,4,ChangeStatus,2013091487260300010122A0,root,7394_NI,4171,false,7394_NI,Tag ID :2013091487260300010122A0 Not assosciated to any Equipment.,1441779516516,2013091487260300010122A0,13027786
7394,4,ChangeStatus,20130924872603000101CC67,root,7394_INUSE,3805,false,7394_InUse,Tag ID :20130924872603000101CC67 Not assosciated to any Equipment.,1441779511250,20130924872603000101CC67,13030133
7370,4,ChangeStatus,201309228726030001019EF4,root,7370_LOCALRDTEST,3816,false,7370_LocalRDTest,Tag ID :201309228726030001019EF4 Not assosciated to any Equipment.,1442501476610,201309228726030001019EF4,13030499
7395,4,ChangeStatus,201309198726030001015DC2,bupkaw,7395_AVAILABLE,5999,false,7395_Available,Tag ID :201309198726030001015DC2 Not assosciated to any Equipment.,1441106984489,201309198726030001015DC2,13036454
7395,4,ChangeStatus,201309188726030001014491,bupkaw,7395_AVAILABLE,6026,false,7395_Available,Tag ID :201309188726030001014491 Not assosciated to any Equipment.,1441106986583,201309188726030001014491,13043353
7394,4,ChangeStatus,201309158726030001012BE4,GonzalezC,7394_LOCALRDREP,10556,false,7394_LocalRDRep,Tag ID :201309158726030001012BE4 Not assosciated to any Equipment.,1441739980686,201309158726030001012BE4,13054769
7394,4,ChangeStatus,20130919872603000101592D,root,7394_INUSE,4392,false,7394_InUse,Tag ID :20130919872603000101592D Not assosciated to any Equipment.,1442699211739,20130919872603000101592D,13054774
7395,4,ChangeStatus,201309208726030001016EC5,root,7395_NI,6025,false,7395_NI,Tag ID :201309208726030001016EC5 Not assosciated to any Equipment.,1438453654444,201309208726030001016EC5,13054776
7395,4,ChangeStatus,201309148726030001012A01,root,7395_NI,6174,false,7395_NI,Tag ID :201309148726030001012A01 Not assosciated to any Equipment.,1438627590601,201309148726030001012A01,13054797
7395,4,ChangeStatus,2013091987260300010188A8,root,7395_NI,6011,false,7395_NI,Tag ID :2013091987260300010188A8 Not assosciated to any Equipment.,1440521071108,2013091987260300010188A8,13054952
7440,4,ChangeStatus,201309198726030001015CFF,root,7440_NI,4121,false,7440_NI,Tag ID :201309198726030001015CFF Not assosciated to any Equipment.,1436821673369,201309198726030001015CFF,13064543
7394,4,ChangeStatus,201309228726030001019D61,root,7394_NI,4075,false,7394_NI,Tag ID :201309228726030001019D61 Not assosciated to any Equipment.,1443050925916,201309228726030001019D61,13065464
7394,4,ChangeStatus,201309188726030001015617,root,7394_INUSE,3760,false,7394_InUse,Tag ID :201309188726030001015617 Not assosciated to any Equipment.,1441782262348,201309188726030001015617,13065471
7394,4,ChangeStatus,201309228726030001019DB0,root,7394_NI,3888,false,7394_NI,Tag ID :201309228726030001019DB0 Not assosciated to any Equipment.,1443445140164,201309228726030001019DB0,13065473
7394,4,ChangeStatus,201309158726030001012F82,root,7394_NI,10570,false,7394_NI,Tag ID :201309158726030001012F82 Not assosciated to any Equipment.,1443445039255,201309158726030001012F82,13065692
7395,4,ChangeStatus,201309178726030001013A33,root,7395_NI,6171,false,7395_NI,Tag ID :201309178726030001013A33 Not assosciated to any Equipment.,1438085498344,201309178726030001013A33,13073184
7370,4,ChangeStatus,2013091887260300010155E3,root,7370_AVAILABLE,3680,false,7370_Available,Tag ID :2013091887260300010155E3 Not assosciated to any Equipment.,1442501511361,2013091887260300010155E3,13076573
7394,4,ChangeStatus,2013091287260300010102DC,root,7394_INUSE,10677,false,7394_InUse,Tag ID :2013091287260300010102DC Not assosciated to any Equipment.,1441781577503,2013091287260300010102DC,13178032
7393,4,ChangeStatus,20130924872603000101CA46,medinaa,7393_AVAILABLE,8480,false,7393_Available,Tag ID :20130924872603000101CA46 Not assosciated to any Equipment.,1441925319941,20130924872603000101CA46,13184562
7395,4,ChangeStatus,2013091487260300010123D3,root,7395_INUSE,6080,false,7395_InUse,Tag ID :2013091487260300010123D3 Not assosciated to any Equipment.,1437608816918,2013091487260300010123D3,13188568
7394,4,ChangeStatus,201309218726030001018DEF,root,7394_NI,11061,false,7394_NI,Tag ID :201309218726030001018DEF Not assosciated to any Equipment.,1442434478530,201309218726030001018DEF,13268475
7394,3,ChangeStatus,2013092287260300010196C6,root,7394_INUSE,11147,false,7394_InUse,Tag ID :2013092287260300010196C6 Not assosciated to any Equipment.,1442796249963,2013092287260300010196C6,13282156
7393,4,ChangeStatus,20130924872603000101CAB3,medinaa,7393_AVAILABLE,8479,false,7393_Available,Tag ID :20130924872603000101CAB3 Not assosciated to any Equipment.,1441925322097,20130924872603000101CAB3,13292482
7394,4,ChangeStatus,2013091387260300010116D5,root,7394_INUSE,11048,false,7394_InUse,Tag ID :2013091387260300010116D5 Not assosciated to any Equipment.,1442411819160,2013091387260300010116D5,13314729
7395,3,ChangeStatus,201309198726030001015DC8,root,7395_NI,6000,false,7395_NI,Tag ID :201309198726030001015DC8 Not assosciated to any Equipment.,1440277859784,201309198726030001015DC8,13342802
7440,4,ChangeStatus,20130924872603000101CA5A,root,7440_NI,8474,false,7440_NI,Tag ID :20130924872603000101CA5A Not assosciated to any Equipment.,1438445063302,20130924872603000101CA5A,13368244
7394,4,ChangeStatus,201309148726030001012296,root,7394_INUSE,4175,false,7394_InUse,Tag ID :201309148726030001012296 Not assosciated to any Equipment.,1442776955759,201309148726030001012296,13393824
7395,4,ChangeStatus,201309148726030001011B04,root,7395_NI,6387,false,7395_NI,Tag ID :201309148726030001011B04 Not assosciated to any Equipment.,1437808276469,201309148726030001011B04,13400358
7395,4,ChangeStatus,201309148726030001011CDF,root,7395_NI,6176,false,7395_NI,Tag ID :201309148726030001011CDF Not assosciated to any Equipment.,1438627928195,201309148726030001011CDF,13400363
7395,4,ChangeStatus,20130918872603000101431E,root,7395_INUSE,6200,false,7395_InUse,Tag ID :20130918872603000101431E Not assosciated to any Equipment.,1437594181828,20130918872603000101431E,13400366
7395,4,ChangeStatus,2013091887260300010143CF,root,7395_NI,6203,false,7395_NI,Tag ID :2013091887260300010143CF Not assosciated to any Equipment.,1438453653866,2013091887260300010143CF,13400369
7440,3,ChangeStatus,20130922872603000101973F,root,7440_NI,4128,false,7440_NI,Tag ID :20130922872603000101973F Not assosciated to any Equipment.,1437688209410,20130922872603000101973F,13409272
7440,3,ChangeStatus,201309228726030001019C6B,root,7440_NI,4083,false,7440_NI,Tag ID :201309228726030001019C6B Not assosciated to any Equipment.,1436217109422,201309228726030001019C6B,13476491
7394,4,ChangeStatus,201309208726030001017384,root,7394_NI,4395,false,7394_NI,Tag ID :201309208726030001017384 Not assosciated to any Equipment.,1435738785161,201309208726030001017384,13476761
7394,4,ChangeStatus,201309198726030001016174,root,7394_NI,4404,false,7394_NI,Tag ID :201309198726030001016174 Not assosciated to any Equipment.,1435738879773,201309198726030001016174,13476786
7440,3,ChangeStatus,201309228726030001019C54,root,7440_NI,4090,false,7440_NI,Tag ID :201309228726030001019C54 Not assosciated to any Equipment.,1436966388259,201309228726030001019C54,13479635
7440,4,ChangeStatus,201309198726030001015F03,root,7440_NI,4122,false,7440_NI,Tag ID :201309198726030001015F03 Not assosciated to any Equipment.,1436821674385,201309198726030001015F03,13479638
7395,4,ChangeStatus,201309148726030001011F04,root,7395_NI,6090,false,7395_NI,Tag ID :201309148726030001011F04 Not assosciated to any Equipment.,1437808275391,201309148726030001011F04,13521044
7395,3,ChangeStatus,201309198726030001016003,root,7395_INUSE,5870,false,7395_InUse,Tag ID :201309198726030001016003 Not assosciated to any Equipment.,1435593532799,201309198726030001016003,13521046
7393,4,ChangeStatus,20130924872603000101CA78,medinaa,7393_AVAILABLE,8483,false,7393_Available,Tag ID :20130924872603000101CA78 Not assosciated to any Equipment.,1440859453849,20130924872603000101CA78,13529576
7395,4,ChangeStatus,2013092287260300010195D8,root,7395_INUSE,6339,false,7395_InUse,Tag ID :2013092287260300010195D8 Not assosciated to any Equipment.,1438195620323,2013092287260300010195D8,13530884
7395,4,ChangeStatus,201309198726030001016039,root,7395_NI,6036,false,7395_NI,Tag ID :201309198726030001016039 Not assosciated to any Equipment.,1440421000279,201309198726030001016039,13530902
7394,4,ChangeStatus,20130922872603000101A18E,root,7394_INUSE,10696,false,7394_InUse,Tag ID :20130922872603000101A18E Not assosciated to any Equipment.,1442699211770,20130922872603000101A18E,13530908
7395,3,ChangeStatus,201309228726030001019493,root,7395_INUSE,6344,false,7395_InUse,Tag ID :201309228726030001019493 Not assosciated to any Equipment.,1438195947386,201309228726030001019493,13530909
7395,4,ChangeStatus,20130918872603000101550A,root,7395_INUSE,6065,false,7395_InUse,Tag ID :20130918872603000101550A Not assosciated to any Equipment.,1439172829792,20130918872603000101550A,13543365
7395,4,ChangeStatus,2013092287260300010195BB,root,7395_NI,6315,false,7395_NI,Tag ID :2013092287260300010195BB Not assosciated to any Equipment.,1440774118502,2013092287260300010195BB,13546062
7394,4,ChangeStatus,201309158726030001012FA0,root,7394_INUSE,10541,false,7394_InUse,Tag ID :201309158726030001012FA0 Not assosciated to any Equipment.,1441782260442,201309158726030001012FA0,13546067
7395,4,ChangeStatus,2013092287260300010195AD,root,7395_NI,6329,false,7395_NI,Tag ID :2013092287260300010195AD Not assosciated to any Equipment.,1438728134237,2013092287260300010195AD,13571189
7395,4,ChangeStatus,201309208726030001016AB6,root,7395_INUSE,6179,false,7395_InUse,Tag ID :201309208726030001016AB6 Not assosciated to any Equipment.,1440740023316,201309208726030001016AB6,13571191
7395,3,ChangeStatus,201309228726030001019540,root,7395_INUSE,6321,false,7395_InUse,Tag ID :201309228726030001019540 Not assosciated to any Equipment.,1438195944558,201309228726030001019540,13571194
7395,3,ChangeStatus,20130918872603000101443D,root,7395_NI,6037,false,7395_NI,Tag ID :20130918872603000101443D Not assosciated to any Equipment.,1440277859219,20130918872603000101443D,13598834
7395,4,ChangeStatus,2013091887260300010142BA,root,7395_INUSE,6199,false,7395_InUse,Tag ID :2013091887260300010142BA Not assosciated to any Equipment.,1437594430882,2013091887260300010142BA,13598855
7394,4,ChangeStatus,2013091387260300010116D4,root,7394_INUSE,11034,false,7394_InUse,Tag ID :2013091387260300010116D4 Not assosciated to any Equipment.,1442411816441,2013091387260300010116D4,13616227
7395,4,ChangeStatus,201309208726030001016EFE,root,7395_NI,6033,false,7395_NI,Tag ID :201309208726030001016EFE Not assosciated to any Equipment.,1440888211264,201309208726030001016EFE,13616742
7394,4,ChangeStatus,201309218726030001018D95,root,7394_INUSE,9568,false,7394_InUse,Tag ID :201309218726030001018D95 Not assosciated to any Equipment.,1442697604336,201309218726030001018D95,13619290
7394,4,ChangeStatus,20130918872603000101567E,root,7394_INUSE,3764,false,7394_InUse,Tag ID :20130918872603000101567E Not assosciated to any Equipment.,1439404097291,20130918872603000101567E,13626484
7440,4,ChangeStatus,201309198726030001015F06,root,7440_NI,4108,false,7440_NI,Tag ID :201309198726030001015F06 Not assosciated to any Equipment.,1436380943209,201309198726030001015F06,13630296
7440,3,ChangeStatus,2013092287260300010196C0,root,7440_NI,4132,false,7440_NI,Tag ID :2013092287260300010196C0 Not assosciated to any Equipment.,1438373569774,2013092287260300010196C0,13714740
7393,4,ChangeStatus,20130922872603000101A19B,medinaa,7393_AVAILABLE,8489,false,7393_Available,Tag ID :20130922872603000101A19B Not assosciated to any Equipment.,1441925345052,20130922872603000101A19B,13726493
7394,4,ChangeStatus,201309188726030001015620,root,7394_NI,3762,false,7394_NI,Tag ID :201309188726030001015620 Not assosciated to any Equipment.,1441236089462,201309188726030001015620,13744775
7394,4,ChangeStatus,20130920872603000101732A,root,7394_NI,4383,false,7394_NI,Tag ID :20130920872603000101732A Not assosciated to any Equipment.,1439835374375,20130920872603000101732A,13796780
7394,4,ChangeStatus,201309188726030001015605,root,7394_NI,3988,false,7394_NI,Tag ID :201309188726030001015605 Not assosciated to any Equipment.,1443050672817,201309188726030001015605,13833125
7394,4,ChangeStatus,2013091887260300010150D9,root,7394_NI,4028,false,7394_NI,Tag ID :2013091887260300010150D9 Not assosciated to any Equipment.,1443050675770,2013091887260300010150D9,13833128
7395,4,ChangeStatus,201309198726030001017C61,root,7395_NI,6057,false,7395_NI,Tag ID :201309198726030001017C61 Not assosciated to any Equipment.,1437487944002,201309198726030001017C61,13838600
7440,3,ChangeStatus,201309228726030001019CC5,root,7440_NI,4092,false,7440_NI,Tag ID :201309228726030001019CC5 Not assosciated to any Equipment.,1436045884218,201309228726030001019CC5,13957041
7395,4,ChangeStatus,20130914872603000101239B,root,7395_NI,6097,false,7395_NI,Tag ID :20130914872603000101239B Not assosciated to any Equipment.,1438016219862,20130914872603000101239B,13978556
7440,3,ChangeStatus,201309228726030001019C98,root,7440_NI,4088,false,7440_NI,Tag ID :201309228726030001019C98 Not assosciated to any Equipment.,1436045886015,201309228726030001019C98,13992674
7394,4,ChangeStatus,201309138726030001010BC2,root,7394_INUSE,11093,false,7394_InUse,Tag ID :201309138726030001010BC2 Not assosciated to any Equipment.,1442703674635,201309138726030001010BC2,14005866
7370,4,ChangeStatus,20130922872603000101A5FB,root,7370_NI,3606,false,7370_NI,Tag ID :20130922872603000101A5FB Not assosciated to any Equipment.,1442503230333,20130922872603000101A5FB,14009443
7395,3,ChangeStatus,2013091487260300010123AC,root,7395_INUSE,6098,false,7395_InUse,Tag ID :2013091487260300010123AC Not assosciated to any Equipment.,1438726130196,2013091487260300010123AC,14045609
7395,4,ChangeStatus,201309148726030001012812,root,7395_NI,6173,false,7395_NI,Tag ID :201309148726030001012812 Not assosciated to any Equipment.,1438085498500,201309148726030001012812,14045621
7395,3,ChangeStatus,2013091887260300010142C9,root,7395_NI,6045,false,7395_NI,Tag ID :2013091887260300010142C9 Not assosciated to any Equipment.,1440888740337,2013091887260300010142C9,14045622
7394,4,ChangeStatus,20130923872603000101AE78,root,7394_INUSE,10699,false,7394_InUse,Tag ID :20130923872603000101AE78 Not assosciated to any Equipment.,1442796058350,20130923872603000101AE78,14047838
7394,4,ChangeStatus,20130918872603000101510B,root,7394_NI,3711,false,7394_NI,Tag ID :20130918872603000101510B Not assosciated to any Equipment.,1438632838580,20130918872603000101510B,14137802
7394,4,ChangeStatus,201309188726030001015626,root,7394_NI,3712,false,7394_NI,Tag ID :201309188726030001015626 Not assosciated to any Equipment.,1443050684207,201309188726030001015626,14137803
7394,4,ChangeStatus,2013091887260300010155FC,root,7394_NI,3713,false,7394_NI,Tag ID :2013091887260300010155FC Not assosciated to any Equipment.,1443050670863,2013091887260300010155FC,14137807
7394,3,ChangeStatus,201309188726030001015607,root,7394_NI,3715,false,7394_NI,Tag ID :201309188726030001015607 Not assosciated to any Equipment.,1438094736762,201309188726030001015607,14137808
7394,4,ChangeStatus,2013091487260300010129D6,root,7394_INUSE,10850,false,7394_InUse,Tag ID :2013091487260300010129D6 Not assosciated to any Equipment.,1442693721607,2013091487260300010129D6,14137818
7440,4,ChangeStatus,201309198726030001015D47,root,7440_INUSE,4137,false,7440_InUse,Tag ID :201309198726030001015D47 Not assosciated to any Equipment.,1438045359617,201309198726030001015D47,14174803
7394,4,ChangeStatus,201309148726030001011B20,root,7394_NI,11115,false,7394_NI,Tag ID :201309148726030001011B20 Not assosciated to any Equipment.,1443445162368,201309148726030001011B20,14178257
7395,4,ChangeStatus,20130922872603000101947C,root,7395_INUSE,6348,false,7395_InUse,Tag ID :20130922872603000101947C Not assosciated to any Equipment.,1438080612725,20130922872603000101947C,14184553
7395,4,ChangeStatus,201309148726030001011B0C,root,7395_NI,6391,false,7395_NI,Tag ID :201309148726030001011B0C Not assosciated to any Equipment.,1440421066874,201309148726030001011B0C,14184557
7395,3,ChangeStatus,201309148726030001011AFC,root,7395_NI,6114,false,7395_NI,Tag ID :201309148726030001011AFC Not assosciated to any Equipment.,1438104327870,201309148726030001011AFC,14184558
7395,4,ChangeStatus,201309148726030001011F6F,root,7395_NI,6118,false,7395_NI,Tag ID :201309148726030001011F6F Not assosciated to any Equipment.,1438627890742,201309148726030001011F6F,14184559
7395,4,ChangeStatus,201309198726030001015D8D,root,7395_INUSE,6195,false,7395_InUse,Tag ID :201309198726030001015D8D Not assosciated to any Equipment.,1437594427350,201309198726030001015D8D,14184561
7440,4,ChangeStatus,201309228726030001019CBD,root,7440_NI,4093,false,7440_NI,Tag ID :201309228726030001019CBD Not assosciated to any Equipment.,1438464937185,201309228726030001019CBD,14191578
7394,4,ChangeStatus,20130923872603000101AEC0,root,7394_INUSE,10707,false,7394_InUse,Tag ID :20130923872603000101AEC0 Not assosciated to any Equipment.,1442411802753,20130923872603000101AEC0,14274180
7440,4,ChangeStatus,20130924872603000101C828,root,7440_NI,8473,false,7440_NI,Tag ID :20130924872603000101C828 Not assosciated to any Equipment.,1438445008255,20130924872603000101C828,14291047
7440,4,ChangeStatus,20130924872603000101CACC,root,7440_NI,8472,false,7440_NI,Tag ID :20130924872603000101CACC Not assosciated to any Equipment.,1438445009442,20130924872603000101CACC,14291128
7440,4,ChangeStatus,20130924872603000101CACE,root,7440_NI,8471,false,7440_NI,Tag ID :20130924872603000101CACE Not assosciated to any Equipment.,1438445009255,20130924872603000101CACE,14291129
7440,4,ChangeStatus,20130924872603000101C823,root,7440_NI,8470,false,7440_NI,Tag ID :20130924872603000101C823 Not assosciated to any Equipment.,1438445009630,20130924872603000101C823,14291130
7394,4,ChangeStatus,201309198726030001017BEA,root,7394_NI,4368,false,7394_NI,Tag ID :201309198726030001017BEA Not assosciated to any Equipment.,1441887983628,201309198726030001017BEA,14442842
7394,4,ChangeStatus,2013091487260300010129D8,root,7394_INUSE,10812,false,7394_InUse,Tag ID :2013091487260300010129D8 Not assosciated to any Equipment.,1442411593399,2013091487260300010129D8,14481497
7394,4,ChangeStatus,201309148726030001012A1D,root,7394_INUSE,10806,false,7394_InUse,Tag ID :201309148726030001012A1D Not assosciated to any Equipment.,1442042179934,201309148726030001012A1D,14481498
7394,4,ChangeStatus,2013091487260300010129BD,root,7394_INUSE,10809,false,7394_InUse,Tag ID :2013091487260300010129BD Not assosciated to any Equipment.,1442411808066,2013091487260300010129BD,14481518
7394,4,ChangeStatus,201309148726030001012A07,root,7394_INUSE,10810,false,7394_InUse,Tag ID :201309148726030001012A07 Not assosciated to any Equipment.,1442042180965,201309148726030001012A07,14481519
7394,4,ChangeStatus,201309148726030001012A11,root,7394_INUSE,10808,false,7394_InUse,Tag ID :201309148726030001012A11 Not assosciated to any Equipment.,1442042182887,201309148726030001012A11,14481522
7394,4,ChangeStatus,2013091487260300010129DC,root,7394_INUSE,10807,false,7394_InUse,Tag ID :2013091487260300010129DC Not assosciated to any Equipment.,1442042182527,2013091487260300010129DC,14481523
7394,4,ChangeStatus,201309148726030001012AD3,root,7394_NI,11237,false,7394_NI,Tag ID :201309148726030001012AD3 Not assosciated to any Equipment.,1442428583747,201309148726030001012AD3,14502953
7394,4,ChangeStatus,201309218726030001018D79,root,7394_NI,11233,false,7394_NI,Tag ID :201309218726030001018D79 Not assosciated to any Equipment.,1442428881100,201309218726030001018D79,14527565
7394,4,ChangeStatus,201309218726030001018D78,root,7394_NI,11236,false,7394_NI,Tag ID :201309218726030001018D78 Not assosciated to any Equipment.,1442428883803,201309218726030001018D78,14527568
7394,4,ChangeStatus,201309218726030001018DA5,root,7394_NI,11235,false,7394_NI,Tag ID :201309218726030001018DA5 Not assosciated to any Equipment.,1442428883772,201309218726030001018DA5,14527569
7394,4,ChangeStatus,201309218726030001018D70,root,7394_NI,11232,false,7394_NI,Tag ID :201309218726030001018D70 Not assosciated to any Equipment.,1442013103138,201309218726030001018D70,14527572
7394,4,ChangeStatus,2013091887260300010150A6,root,7394_INUSE,3665,false,7394_InUse,Tag ID :2013091887260300010150A6 Not assosciated to any Equipment.,1438033930869,2013091887260300010150A6,14589524
7440,4,ChangeStatus,20130924872603000101CA18,root,7440_NI,8469,false,7440_NI,Tag ID :20130924872603000101CA18 Not assosciated to any Equipment.,1438445063318,20130924872603000101CA18,14649095
7395,4,ChangeStatus,201309208726030001016B17,root,7395_INUSE,6133,false,7395_InUse,Tag ID :201309208726030001016B17 Not assosciated to any Equipment.,1437608824849,201309208726030001016B17,14670435
7394,4,ChangeStatus,20130914872603000101223C,root,7394_NI,10489,false,7394_NI,Tag ID :20130914872603000101223C Not assosciated to any Equipment.,1442428875756,20130914872603000101223C,14670440
7395,4,ChangeStatus,201309198726030001015D88,root,7395_INUSE,6161,false,7395_InUse,Tag ID :201309198726030001015D88 Not assosciated to any Equipment.,1441028117174,201309198726030001015D88,14683180
7395,4,ChangeStatus,201309218726030001019266,root,7395_INUSE,6162,false,7395_InUse,Tag ID :201309218726030001019266 Not assosciated to any Equipment.,1441028113971,201309218726030001019266,14683214
7395,4,ChangeStatus,201309148726030001011A60,root,7395_AVAILABLE,5893,false,7395_Available,Tag ID :201309148726030001011A60 Not assosciated to any Equipment.,1432050988278,201309148726030001011A60,14686082
7395,4,ChangeStatus,20130921872603000101923D,root,7395_INUSE,5866,false,7395_InUse,Tag ID :20130921872603000101923D Not assosciated to any Equipment.,1438979536254,20130921872603000101923D,14708063
7394,4,ChangeStatus,201309198726030001017C16,root,7394_NI,4367,false,7394_NI,Tag ID :201309198726030001017C16 Not assosciated to any Equipment.,1441887983550,201309198726030001017C16,14708737
7394,4,ChangeStatus,201309218726030001018DD4,root,7394_INUSE,11228,false,7394_InUse,Tag ID :201309218726030001018DD4 Not assosciated to any Equipment.,1441782260332,201309218726030001018DD4,14713097
7394,4,ChangeStatus,20130922872603000101A1AE,root,7394_INUSE,10991,false,7394_InUse,Tag ID :20130922872603000101A1AE Not assosciated to any Equipment.,1442411813785,20130922872603000101A1AE,14713112
7394,4,ChangeStatus,20130922872603000101A235,root,7394_INUSE,10993,false,7394_InUse,Tag ID :20130922872603000101A235 Not assosciated to any Equipment.,1442411816175,20130922872603000101A235,14713114
7394,4,ChangeStatus,20130922872603000101A233,root,7394_INUSE,10986,false,7394_InUse,Tag ID :20130922872603000101A233 Not assosciated to any Equipment.,1442411810769,20130922872603000101A233,14713115
7394,4,ChangeStatus,20130922872603000101A229,root,7394_INUSE,10989,false,7394_InUse,Tag ID :20130922872603000101A229 Not assosciated to any Equipment.,1442411810878,20130922872603000101A229,14713117
7394,4,ChangeStatus,20130922872603000101A232,root,7394_INUSE,10990,false,7394_InUse,Tag ID :20130922872603000101A232 Not assosciated to any Equipment.,1442411813457,20130922872603000101A232,14713144
7395,4,ChangeStatus,201309148726030001011FF2,root,7395_NI,6067,false,7395_NI,Tag ID :201309148726030001011FF2 Not assosciated to any Equipment.,1438279260779,201309148726030001011FF2,14723815
7395,4,ChangeStatus,201309148726030001011A73,root,7395_NI,6062,false,7395_NI,Tag ID :201309148726030001011A73 Not assosciated to any Equipment.,1438279263670,201309148726030001011A73,14723820
7395,4,ChangeStatus,201309148726030001011ABB,root,7395_INUSE,6059,false,7395_InUse,Tag ID :201309148726030001011ABB Not assosciated to any Equipment.,1439172840088,201309148726030001011ABB,14723823
7395,4,ChangeStatus,2013091387260300010106E8,root,7395_INUSE,5984,false,7395_InUse,Tag ID :2013091387260300010106E8 Not assosciated to any Equipment.,1439172836791,2013091387260300010106E8,14723833
7395,4,ChangeStatus,2013091387260300010106E7,root,7395_NI,5983,false,7395_NI,Tag ID :2013091387260300010106E7 Not assosciated to any Equipment.,1439868954896,2013091387260300010106E7,14723878
7395,3,ChangeStatus,201309128726030001010686,root,7395_NI,5889,false,7395_NI,Tag ID :201309128726030001010686 Not assosciated to any Equipment.,1439869410956,201309128726030001010686,14723882
7395,4,ChangeStatus,201309148726030001011AF9,root,7395_NI,6069,false,7395_NI,Tag ID :201309148726030001011AF9 Not assosciated to any Equipment.,1438279260982,201309148726030001011AF9,14723885
7395,4,ChangeStatus,201309148726030001011AB2,root,7395_INUSE,6401,false,7395_InUse,Tag ID :201309148726030001011AB2 Not assosciated to any Equipment.,1439172937781,201309148726030001011AB2,14750170
7395,4,ChangeStatus,201309198726030001015ACA,root,7395_INUSE,6462,false,7395_InUse,Tag ID :201309198726030001015ACA Not assosciated to any Equipment.,1437091927304,201309198726030001015ACA,14750178
7395,4,ChangeStatus,201309198726030001015F2F,root,7395_NI,6403,false,7395_NI,Tag ID :201309198726030001015F2F Not assosciated to any Equipment.,1441023178820,201309198726030001015F2F,14750180
7395,4,ChangeStatus,201309198726030001017C70,root,7395_INUSE,6404,false,7395_InUse,Tag ID :201309198726030001017C70 Not assosciated to any Equipment.,1440740022285,201309198726030001017C70,14750181
7395,4,ChangeStatus,2013092087260300010172F2,bupkaw,7395_AVAILABLE,5890,false,7395_Available,Tag ID :2013092087260300010172F2 Not assosciated to any Equipment.,1442408693451,2013092087260300010172F2,14750187
7395,4,ChangeStatus,2013091287260300010103B2,root,7395_INUSE,6406,false,7395_InUse,Tag ID :2013091287260300010103B2 Not assosciated to any Equipment.,1439172949061,2013091287260300010103B2,14750189
7394,4,ChangeStatus,2013091987260300010180CB,root,7394_NI,5561,false,7394_NI,Tag ID :2013091987260300010180CB Not assosciated to any Equipment.,1435738485448,2013091987260300010180CB,14750199
7395,4,ChangeStatus,201309148726030001012442,root,7395_NI,5867,false,7395_NI,Tag ID :201309148726030001012442 Not assosciated to any Equipment.,1439741524864,201309148726030001012442,14806240
7395,4,ChangeStatus,2013091487260300010119CE,root,7395_AVAILABLE,5904,false,7395_Available,Tag ID :2013091487260300010119CE Not assosciated to any Equipment.,1432050999351,2013091487260300010119CE,14806647
7394,4,ChangeStatus,20130914872603000101227C,root,7394_INUSE,10419,false,7394_InUse,Tag ID :20130914872603000101227C Not assosciated to any Equipment.,1442411581821,20130914872603000101227C,14806714
7394,4,ChangeStatus,2013091587260300010130ED,root,7394_NI,10423,false,7394_NI,Tag ID :2013091587260300010130ED Not assosciated to any Equipment.,1442434497813,2013091587260300010130ED,14806733
7370,4,ChangeStatus,20130924872603000101CCB9,root,7370_AVAILABLE,4032,false,7370_Available,Tag ID :20130924872603000101CCB9 Not assosciated to any Equipment.,1442501500548,20130924872603000101CCB9,14813114
7370,4,ChangeStatus,20130924872603000101CD0F,root,7370_AVAILABLE,4033,false,7370_Available,Tag ID :20130924872603000101CD0F Not assosciated to any Equipment.,1442501516815,20130924872603000101CD0F,14813115
7370,4,ChangeStatus,20130924872603000101CCDD,root,7370_AVAILABLE,4034,false,7370_Available,Tag ID :20130924872603000101CCDD Not assosciated to any Equipment.,1442501514111,20130924872603000101CCDD,14813116
7440,4,ChangeStatus,20130924872603000101CE4A,root,7440_NI,4035,false,7440_NI,Tag ID :20130924872603000101CE4A Not assosciated to any Equipment.,1435344671742,20130924872603000101CE4A,14813117
7370,4,ChangeStatus,20130924872603000101CD02,root,7370_AVAILABLE,4036,false,7370_Available,Tag ID :20130924872603000101CD02 Not assosciated to any Equipment.,1442501516815,20130924872603000101CD02,14813118
7440,4,ChangeStatus,20130924872603000101CCE4,root,7440_NI,4040,false,7440_NI,Tag ID :20130924872603000101CCE4 Not assosciated to any Equipment.,1435344304363,20130924872603000101CCE4,14813121
7440,4,ChangeStatus,20130924872603000101CCB8,root,7440_NI,4041,false,7440_NI,Tag ID :20130924872603000101CCB8 Not assosciated to any Equipment.,1435344185644,20130924872603000101CCB8,14813122
7370,4,ChangeStatus,20130924872603000101CDED,root,7370_AVAILABLE,4047,false,7370_Available,Tag ID :20130924872603000101CDED Not assosciated to any Equipment.,1442501503283,20130924872603000101CDED,14813143
7370,4,ChangeStatus,201309228726030001019F68,root,7370_AVAILABLE,4061,false,7370_Available,Tag ID :201309228726030001019F68 Not assosciated to any Equipment.,1442501500533,201309228726030001019F68,14813726
7394,4,ChangeStatus,201309148726030001012A38,root,7394_INUSE,10818,false,7394_InUse,Tag ID :201309148726030001012A38 Not assosciated to any Equipment.,1442040600438,201309148726030001012A38,14816394
7394,3,ChangeStatus,201309148726030001012AD1,root,7394_INUSE,4518,false,7394_InUse,Tag ID :201309148726030001012AD1 Not assosciated to any Equipment.,1438392511144,201309148726030001012AD1,14838901
7395,4,ChangeStatus,201309148726030001011AEE,root,7395_NI,6410,false,7395_NI,Tag ID :201309148726030001011AEE Not assosciated to any Equipment.,1437487113128,201309148726030001011AEE,14874769
7395,4,ChangeStatus,201309188726030001014315,root,7395_INUSE,6421,false,7395_InUse,Tag ID :201309188726030001014315 Not assosciated to any Equipment.,1437594431109,201309188726030001014315,14895922
7395,4,ChangeStatus,20130921872603000101923E,root,7395_STAGED,5855,false,7395_Staged,Tag ID :20130921872603000101923E Not assosciated to any Equipment.,1431986710565,20130921872603000101923E,14899068
7395,4,ChangeStatus,201309198726030001015D35,root,7395_STAGED,5859,false,7395_Staged,Tag ID :201309198726030001015D35 Not assosciated to any Equipment.,1431986717760,201309198726030001015D35,14899070
7395,4,ChangeStatus,201309208726030001016A56,root,7395_STAGED,5861,false,7395_Staged,Tag ID :201309208726030001016A56 Not assosciated to any Equipment.,1431986723431,201309208726030001016A56,14899071
7393,4,ChangeStatus,20130924872603000101C889,medinaa,7393_AVAILABLE,8477,false,7393_Available,Tag ID :20130924872603000101C889 Not assosciated to any Equipment.,1441925342380,20130924872603000101C889,14947161
7394,4,ChangeStatus,201309158726030001012BA9,root,7394_INUSE,10796,false,7394_InUse,Tag ID :201309158726030001012BA9 Not assosciated to any Equipment.,1442796241885,201309158726030001012BA9,14979427
7394,4,ChangeStatus,201309148726030001012A02,root,7394_INUSE,10800,false,7394_InUse,Tag ID :201309148726030001012A02 Not assosciated to any Equipment.,1442411805378,201309148726030001012A02,14979608
7394,4,ChangeStatus,201309148726030001012A23,root,7394_INUSE,10836,false,7394_InUse,Tag ID :201309148726030001012A23 Not assosciated to any Equipment.,1442700765046,201309148726030001012A23,14981272
7394,4,ChangeStatus,2013092287260300010199FD,root,7394_INUSE,10880,false,7394_InUse,Tag ID :2013092287260300010199FD Not assosciated to any Equipment.,1442040307534,2013092287260300010199FD,14984028
7394,4,ChangeStatus,2013091487260300010121F0,root,7394_NI,10910,false,7394_NI,Tag ID :2013091487260300010121F0 Not assosciated to any Equipment.,1443041519295,2013091487260300010121F0,14985389
7394,4,ChangeStatus,201309148726030001011CF5,root,7394_NI,10918,false,7394_NI,Tag ID :201309148726030001011CF5 Not assosciated to any Equipment.,1443445136102,201309148726030001011CF5,14985390
7394,4,ChangeStatus,20130922872603000101A856,root,7394_INUSE,10997,false,7394_InUse,Tag ID :20130922872603000101A856 Not assosciated to any Equipment.,1442694003745,20130922872603000101A856,14988994
7394,4,ChangeStatus,201309148726030001011A40,root,7394_INUSE,11094,false,7394_InUse,Tag ID :201309148726030001011A40 Not assosciated to any Equipment.,1442693720513,201309148726030001011A40,14991908
7394,4,ChangeStatus,201309148726030001011A0D,root,7394_NI,11116,false,7394_NI,Tag ID :201309148726030001011A0D Not assosciated to any Equipment.,1443445162571,201309148726030001011A0D,14991909
7394,4,ChangeStatus,201309218726030001018DA4,root,7394_INUSE,11225,false,7394_InUse,Tag ID :201309218726030001018DA4 Not assosciated to any Equipment.,1442699214614,201309218726030001018DA4,15013327
7394,4,ChangeStatus,000000000000000000007771,root,7394_LOCALRDREP,344,false,7394_LocalRDRep,Tag ID :000000000000000000007771 Not assosciated to any Equipment.,1433355295908,,A03005
7394,4,ChangeStatus,000000000000000000007772,root,7394_NI,345,false,7394_NI,Tag ID :000000000000000000007772 Not assosciated to any Equipment.,1433371040716,,A03006
7394,4,ChangeStatus,00000000000000000000a002,root,7394_LOCALRDREP,347,false,7394_LocalRDRep,Tag ID :00000000000000000000a002 Not assosciated to any Equipment.,1433355305375,,A03008
7395,4,ChangeStatus,C1060033320300000000F001,root,7395_MJRREPAIR,3341,false,7395_MjrRepair,Tag ID :C1060033320300000000F001 Not assosciated to any Equipment.,1438797065872,C1060033320300000000F001,FMC001
7395,4,ChangeStatus,C1060033320300000000F006,root,7395_MJRREPAIR,3346,false,7395_MjrRepair,Tag ID :C1060033320300000000F006 Not assosciated to any Equipment.,1438797065872,C1060033320300000000F006,FMC006
7395,4,ChangeStatus,C1060033320300000000F010,root,7395_MJRREPAIR,3350,false,7395_MjrRepair,Tag ID :C1060033320300000000F010 Not assosciated to any Equipment.,1438797069889,C1060033320300000000F010,FMC010
7395,4,ChangeStatus,C1060033320300000000F011,root,7395_MJRREPAIR,3351,false,7395_MjrRepair,Tag ID :C1060033320300000000F011 Not assosciated to any Equipment.,1438797069903,C1060033320300000000F011,FMC011
7395,4,ChangeStatus,C1060033320300000000F013,root,7395_MJRREPAIR,3353,false,7395_MjrRepair,Tag ID :C1060033320300000000F013 Not assosciated to any Equipment.,1438796780215,C1060033320300000000F013,FMC013
7395,4,ChangeStatus,C1060033320300000000F014,root,7395_MJRREPAIR,3354,false,7395_MjrRepair,Tag ID :C1060033320300000000F014 Not assosciated to any Equipment.,1438797073591,C1060033320300000000F014,FMC014
7395,4,ChangeStatus,C1060033320300000000F015,root,7395_MJRREPAIR,3355,false,7395_MjrRepair,Tag ID :C1060033320300000000F015 Not assosciated to any Equipment.,1438797073638,C1060033320300000000F015,FMC015
7395,4,ChangeStatus,C1060033320300000000F018,root,7395_MJRREPAIR,3358,false,7395_MjrRepair,Tag ID :C1060033320300000000F018 Not assosciated to any Equipment.,1438796778200,C1060033320300000000F018,FMC018